Population,County,State
47086.0,Washington,Mississippi
12028.0,Perry,Mississippi
8321.0,Choctaw,Mississippi
23480.0,Itawamba,Mississippi
10129.0,Carroll,Mississippi
21278.0,Grenada,Mississippi
7346.0,Jefferson,Mississippi
13714.0,Greene,Mississippi
35787.0,Marshall,Mississippi
7372.0,Quitman,Mississippi
32592.0,Bolivar,Mississippi
61223.0,Lamar,Mississippi
84915.0,Lee,Mississippi
39737.0,Pike,Mississippi
14361.0,Tallahatchie,Mississippi
16063.0,Smith,Mississippi
18375.0,Stone,Mississippi
47075.0,Warren,Mississippi
15928.0,Clarke,Mississippi
10107.0,Kemper,Mississippi
10198.0,Montgomery,Mississippi
49481.0,Oktibbeha,Mississippi
55149.0,Pearl River,Mississippi
22870.0,Leake,Mississippi
10828.0,Noxubee,Mississippi
29376.0,Neshoba,Mississippi
151240.0,Rankin,Mississippi
28493.0,Tate,Mississippi
12630.0,Lawrence,Mississippi
34243.0,Panola,Mississippi
12421.0,Yalobusha,Mississippi
17279.0,Chickasaw,Mississippi
28721.0,Copiah,Mississippi
23710.0,George,Mississippi
241774.0,Hinds,Mississippi
21524.0,Newton,Mississippi
28356.0,Union,Mississippi
4511.0,Sharkey,Mississippi
21990.0,Tippah,Mississippi
75517.0,Forrest,Mississippi
46653.0,Hancock,Mississippi
53459.0,Lafayette,Mississippi
1328.0,Issaquena,Mississippi
59437.0,Lowndes,Mississippi
29804.0,Leflore,Mississippi
8990.0,Wilkinson,Mississippi
202626.0,Harrison,Mississippi
11495.0,Jefferson Davis,Mississippi
34432.0,Lincoln,Mississippi
28415.0,Scott,Mississippi
18358.0,Winston,Mississippi
27974.0,Yazoo,Mississippi
8253.0,Benton,Mississippi
7757.0,Franklin,Mississippi
16529.0,Jasper,Mississippi
68454.0,Jones,Mississippi
35840.0,Monroe,Mississippi
26532.0,Sunflower,Mississippi
9828.0,Webster,Mississippi
31547.0,Adams,Mississippi
19808.0,Clay,Mississippi
19091.0,Covington,Mississippi
8539.0,Humphreys,Mississippi
23102.0,Saline,Missouri
12205.0,Madison,Missouri
18293.0,Wright,Missouri
20691.0,Vernon,Missouri
22547.0,Nodaway,Missouri
7546.0,Chariton,Missouri
10039.0,Grundy,Missouri
20137.0,Morgan,Missouri
13308.0,Wayne,Missouri
12281.0,Bollinger,Missouri
78324.0,Cape Girardeau,Missouri
6061.0,Shelby,Missouri
38082.0,Webster,Missouri
5270.0,Atchison,Missouri
16374.0,Bates,Missouri
18989.0,Benton,Missouri
6197.0,Carter,Missouri
7590.0,Dade,Missouri
12186.0,Linn,Missouri
40102.0,Howell,Missouri
53689.0,Johnson,Missouri
35507.0,Laclede,Missouri
8884.0,Maries,Missouri
44789.0,Phelps,Missouri
98824.0,Platte,Missouri
66342.0,St. Francois,Missouri
17403.0,Andrew,Missouri
8843.0,Carroll,Missouri
8302.0,Daviess,Missouri
3951.0,Knox,Missouri
28672.0,Marion,Missouri
13619.0,Osage,Missouri
13693.0,Ripley,Missouri
33908.0,Warren,Missouri
25735.0,Audrain,Missouri
84275.0,Christian,Missouri
288429.0,Greene,Missouri
8554.0,Harrison,Missouri
9383.0,St. Clair,Missouri
25325.0,Adair,Missouri
4898.0,Scotland,Missouri
6317.0,Sullivan,Missouri
6800.0,Clark,Missouri
223302.0,Jefferson,Missouri
10027.0,Lewis,Missouri
17811.0,New Madrid,Missouri
19146.0,Perry,Missouri
10217.0,Ralls,Missouri
22825.0,Ray,Missouri
998684.0,St. Louis,Missouri
31527.0,Stone,Missouri
35493.0,Barry,Missouri
176515.0,Boone,Missouri
13938.0,Cedar,Missouri
24280.0,Crawford,Missouri
10221.0,Iron,Missouri
15076.0,Livingston,Missouri
15958.0,Moniteau,Missouri
10699.0,Oregon,Missouri
30428.0,Dunklin,Missouri
42371.0,Pettis,Missouri
17871.0,Ste. Genevieve,Missouri
24945.0,Randolph,Missouri
102781.0,Franklin,Missouri
10113.0,Howard,Missouri
692003.0,Jackson,Missouri
25049.0,Miller,Missouri
52591.0,Pulaski,Missouri
4815.0,Putnam,Missouri
54720.0,Taney,Missouri
25671.0,Texas,Missouri
89076.0,Buchanan,Missouri
9049.0,Caldwell,Missouri
44840.0,Callaway,Missouri
102678.0,Cass,Missouri
20475.0,Clinton,Missouri
17622.0,Cooper,Missouri
16499.0,Dallas,Missouri
6665.0,Gentry,Missouri
9368.0,Hickory,Missouri
55563.0,Lincoln,Missouri
13748.0,Mississippi,Missouri
8654.0,Monroe,Missouri
58202.0,Newton,Missouri
9236.0,Ozark,Missouri
18489.0,Pike,Missouri
389985.0,St. Charles,Missouri
11845.0,Custer,Montana
16439.0,Hill,Montana
1619.0,Powder River,Montana
16246.0,Park,Montana
11228.0,Roosevelt,Montana
6727.0,Blaine,Montana
2280.0,Liberty,Montana
11360.0,Richland,Montana
6080.0,Teton,Montana
4976.0,Toole,Montana
2838.0,Fallon,Montana
1753.0,Daniels,Montana
1951.0,Judith Basin,Montana
34814.0,Silver Bow,Montana
9100.0,Deer Lodge,Montana
11778.0,Jefferson,Montana
1630.0,McCone,Montana
2149.0,Wheatland,Montana
9250.0,Rosebud,Montana
1318.0,Carter,Montana
9191.0,Dawson,Montana
5834.0,Broadwater,Montana
29774.0,Lake,Montana
6044.0,Pondera,Montana
157816.0,Yellowstone,Montana
41902.0,Ravalli,Montana
7532.0,Valley,Montana
11273.0,Fergus,Montana
4211.0,Mineral,Montana
432.0,Petroleum,Montana
11521.0,Sanders,Montana
98082.0,Flathead,Montana
1175.0,Wibaux,Montana
1968.0,Meagher,Montana
10546.0,Carbon,Montana
4124.0,Phillips,Montana
31583.0,Adams,Nebraska
310094.0,Lancaster,Nebraska
5313.0,Boone,Nebraska
1350.0,Rock,Nebraska
696.0,Banner,Nebraska
3042.0,Sherman,Nebraska
8009.0,Richardson,Nebraska
6405.0,Howard,Nebraska
10245.0,Holt,Nebraska
4786.0,Furnas,Nebraska
2015.0,Gosper,Nebraska
14288.0,Saline,Nebraska
178351.0,Sarpy,Nebraska
7140.0,Thurston,Nebraska
20219.0,Washington,Nebraska
2042.0,Boyd,Nebraska
5790.0,Cherry,Nebraska
36683.0,Dodge,Nebraska
5574.0,Fillmore,Nebraska
1860.0,Garden,Nebraska
691.0,Hooker,Nebraska
4841.0,Morrill,Nebraska
7004.0,Nemaha,Nebraska
17127.0,Seward,Nebraska
645.0,Thomas,Nebraska
20317.0,Dakota,Nebraska
3571.0,Webster,Nebraska
6372.0,Antelope,Nebraska
8067.0,Butler,Nebraska
6232.0,Clay,Nebraska
10830.0,Custer,Nebraska
21595.0,Gage,Nebraska
9178.0,Hamilton,Nebraska
6552.0,Kearney,Nebraska
8099.0,Keith,Nebraska
35164.0,Madison,Nebraska
2907.0,Perkins,Nebraska
21024.0,Saunders,Nebraska
9367.0,Wayne,Nebraska
792.0,Keya Paha,Nebraska
8460.0,Knox,Nebraska
35433.0,Lincoln,Nebraska
7157.0,Pierce,Nebraska
1266.0,Sioux,Nebraska
25702.0,Cass,Nebraska
5746.0,Dixon,Nebraska
2023.0,Dundy,Nebraska
2410.0,Greeley,Nebraska
61343.0,Hall,Nebraska
15896.0,Otoe,Nebraska
10806.0,Red Willow,Nebraska
8896.0,Dawes,Nebraska
9852.0,Cheyenne,Nebraska
23804.0,Dawson,Nebraska
4224.0,Valley,Nebraska
454.0,McPherson,Nebraska
3554.0,Nance,Nebraska
5992.0,Stanton,Nebraska
3438.0,Harlan,Nebraska
480.0,Blaine,Nebraska
49030.0,Buffalo,Nebraska
1894.0,Deuel,Nebraska
2843.0,Hitchcock,Nebraska
33063.0,Platte,Nebraska
5098.0,Thayer,Nebraska
11089.0,Box Butte,Nebraska
24010.0,Churchill,Nevada
47828.0,Douglas,Nevada
6611.0,Pershing,Nevada
981.0,Esmeralda,Nevada
16904.0,Humboldt,Nevada
4448.0,Mineral,Nevada
9737.0,White Pine,Nevada
52252.0,Elko,Nevada
5174.0,Lincoln,Nevada
43705.0,Nye,Nevada
3941.0,Storey,Nevada
450486.0,Washoe,Nevada
2141574.0,Clark,Nevada
54467.0,Carson City,Nevada
53155.0,Lyon,Nevada
76263.0,Cheshire,New Hampshire
149452.0,Merrimack,New Hampshire
89811.0,Grafton,New Hampshire
305129.0,Rockingham,New Hampshire
60640.0,Belknap,New Hampshire
43125.0,Sullivan,New Hampshire
411087.0,Hillsborough,New Hampshire
128237.0,Strafford,New Hampshire
32038.0,Coos,New Hampshire
47840.0,Carroll,New Hampshire
623387.0,Monmouth,New Jersey
142298.0,Sussex,New Jersey
153400.0,Cumberland,New Jersey
793555.0,Essex,New Jersey
591939.0,Ocean,New Jersey
290852.0,Gloucester,New Jersey
63336.0,Salem,New Jersey
504041.0,Passaic,New Jersey
507367.0,Camden,New Jersey
929999.0,Bergen,New Jersey
106293.0,Warren,New Jersey
668631.0,Hudson,New Jersey
446367.0,Burlington,New Jersey
494383.0,Morris,New Jersey
39307.0,Rio Arriba,New Mexico
28034.0,San Miguel,New Mexico
15595.0,Torrance,New Mexico
65745.0,Otero,New Mexico
26978.0,Cibola,New Mexico
4382.0,Guadalupe,New Mexico
3539.0,Catron,New Mexico
28061.0,Grant,New Mexico
24264.0,Luna,New Mexico
72849.0,McKinley,New Mexico
32888.0,Taos,New Mexico
12353.0,Colfax,New Mexico
57437.0,Eddy,New Mexico
4563.0,Mora,New Mexico
8373.0,Quay,New Mexico
19482.0,Lincoln,New Mexico
70126.0,Lea,New Mexico
148917.0,Santa Fe,New Mexico
11135.0,Sierra,New Mexico
17000.0,Socorro,New Mexico
215338.0,Do�a Ana,New Mexico
31364.0,Schoharie,New York
464242.0,Onondaga,New York
80794.0,Clinton,New York
34612.0,Seneca,New York
99070.0,Putnam,New York
50692.0,Franklin,New York
109472.0,Ontario,New York
2298513.0,Queens,New York
96927.0,Steuben,New York
4575.0,Hamilton,New York
61828.0,Washington,New York
129656.0,Chautauqua,New York
2600747.0,Kings,New York
1632480.0,New York,New York
49045.0,Tioga,New York
77868.0,Cayuga,New York
41175.0,Orleans,New York
227377.0,Saratoga,New York
323686.0,Rockland,New York
60919.0,Columbia,New York
26719.0,Lewis,New York
211704.0,Niagara,New York
968815.0,Westchester,New York
45502.0,Delaware,New York
37751.0,Essex,New York
49426.0,Montgomery,New York
1356564.0,Nassau,New York
474101.0,Richmond,New York
17992.0,Schuyler,New York
102962.0,Tompkins,New York
48348.0,Chenango,New York
48123.0,Cortland,New York
114448.0,Jefferson,New York
230782.0,Oneida,New York
1487901.0,Suffolk,New York
40565.0,Wyoming,New York
85740.0,Chemung,New York
119104.0,Oswego,New York
60244.0,Otsego,New York
90856.0,Wayne,New York
307426.0,Albany,New York
194402.0,Broome,New York
919866.0,Erie,New York
71359.0,Madison,New York
75211.0,Sullivan,New York
15040.0,Mitchell,North Carolina
58112.0,Genesee,New York
378227.0,Orange,New York
21008.0,Greene,North Carolina
14205.0,Chowan,North Carolina
81779.0,Caldwell,North Carolina
156729.0,Catawba,North Carolina
103082.0,Craven,North Carolina
53332.0,Edgecombe,North Carolina
130361.0,Harnett,North Carolina
113625.0,Henderson,North Carolina
5393.0,Hyde,North Carolina
1054314.0,Mecklenburg,North Carolina
20186.0,Northampton,North Carolina
139605.0,Rowan,North Carolina
44482.0,Vance,North Carolina
25796.0,Currituck,North Carolina
226694.0,Union,North Carolina
371573.0,Forsyth,North Carolina
94003.0,Nash,North Carolina
33778.0,Bladen,North Carolina
35741.0,Dare,North Carolina
20033.0,Warren,North Carolina
81336.0,Wilson,North Carolina
19644.0,Bertie,North Carolina
11563.0,Gates,North Carolina
8557.0,Graham,North Carolina
23054.0,Martin,North Carolina
21405.0,Madison,North Carolina
12742.0,Pamlico,North Carolina
13459.0,Perquimans,North Carolina
20458.0,Polk,North Carolina
142958.0,Randolph,North Carolina
91270.0,Rockingham,North Carolina
45905.0,Stokes,North Carolina
12156.0,Washington,North Carolina
10447.0,Camden,North Carolina
10813.0,Clay,North Carolina
332106.0,Cumberland,North Carolina
216585.0,Gaston,North Carolina
523582.0,Guilford,North Carolina
42256.0,Jackson,North Carolina
95629.0,Moore,North Carolina
133442.0,Robeson,North Carolina
61114.0,Stanly,North Carolina
1046558.0,Wake,North Carolina
17667.0,Yancey,North Carolina
69791.0,Chatham,North Carolina
45109.0,McDowell,North Carolina
191172.0,Johnston,North Carolina
9695.0,Jones,North Carolina
39305.0,Person,North Carolina
126860.0,Brunswick,North Carolina
26786.0,Ashe,North Carolina
47243.0,Beaufort,North Carolina
57227.0,Lenoir,North Carolina
66532.0,Rutherford,North Carolina
81441.0,Lincoln,North Carolina
193912.0,Onslow,North Carolina
142938.0,Orange,North Carolina
63561.0,Sampson,North Carolina
37665.0,Yadkin,North Carolina
17501.0,Avery,North Carolina
89712.0,Burke,North Carolina
22746.0,Caswell,North Carolina
41991.0,Davie,North Carolina
59062.0,Duplin,North Carolina
306457.0,Durham,North Carolina
60125.0,Lee,North Carolina
224231.0,New Hanover,North Carolina
124002.0,Wayne,North Carolina
35262.0,Scotland,North Carolina
51737.0,Halifax,North Carolina
160576.0,Alamance,North Carolina
2213.0,Burke,North Dakota
10152.0,Mountrail,North Dakota
34061.0,Williams,North Dakota
946.0,Billings,North Dakota
2460.0,Kidder,North Dakota
3824.0,Cavalier,North Dakota
2380.0,Grant,North Dakota
7016.0,Pembina,North Dakota
1910.0,Steele,North Dakota
2576.0,Hettinger,North Dakota
4100.0,LaMoure,North Dakota
30544.0,Morton,North Dakota
174202.0,Cass,North Dakota
4387.0,Dunn,North Dakota
3352.0,Emmons,North Dakota
2654.0,McIntosh,North Dakota
2920.0,Nelson,North Dakota
16288.0,Richland,North Dakota
14603.0,Rolette,North Dakota
10802.0,Walsh,North Dakota
2351.0,Adams,North Dakota
6589.0,Bottineau,North Dakota
10836.0,Barnes,North Dakota
2313.0,Eddy,North Dakota
70400.0,Grand Forks,North Dakota
12536.0,McKenzie,North Dakota
8570.0,Mercer,North Dakota
9608.0,McLean,North Dakota
4210.0,Pierce,North Dakota
5361.0,Ransom,North Dakota
4413.0,Sioux,North Dakota
3195.0,Bowman,North Dakota
1882.0,Golden Valley,North Dakota
1927.0,Logan,North Dakota
2246.0,Towner,North Dakota
21064.0,Stutsman,North Dakota
2369.0,Divide,North Dakota
3290.0,Foster,North Dakota
3883.0,Sargent,North Dakota
704.0,Slope,North Dakota
30876.0,Stark,North Dakota
30195.0,Gallia,Ohio
58457.0,Huron,Ohio
65936.0,Athens,Ohio
27878.0,Adams,Ohio
177257.0,Medina,Ohio
55654.0,Union,Ohio
38864.0,Champaign,Ohio
18872.0,Paulding,Ohio
165811.0,Greene,Ohio
1275333.0,Franklin,Ohio
65344.0,Marion,Ohio
14702.0,Morgan,Ohio
116208.0,Wayne,Ohio
22107.0,Wyandot,Ohio
378294.0,Butler,Ohio
15307.0,Harrison,Ohio
61215.0,Knox,Ohio
121324.0,Richland,Ohio
13111.0,Vinton,Ohio
75690.0,Hancock,Ohio
152910.0,Fairfield,Ohio
38279.0,Defiance,Ohio
27316.0,Henry,Ohio
66886.0,Jefferson,Ohio
33969.0,Putnam,Ohio
41896.0,Clinton,Ohio
28645.0,Fayette,Ohio
57420.0,Pickaway,Ohio
45307.0,Logan,Ohio
541810.0,Summit,Ohio
59299.0,Sandusky,Ohio
48797.0,Shelby,Ohio
11372.0,Cottonwood,Minnesota
143372.0,Scott,Minnesota
20582.0,Dodge,Minnesota
21500.0,Wabasha,Minnesota
9185.0,Pipestone,Minnesota
63855.0,Crow Wing,Minnesota
6559.0,Norman,Minnesota
132745.0,Wright,Minnesota
33783.0,Nicollet,Minnesota
37203.0,Douglas,Minnesota
5938.0,Grant,Minnesota
4337.0,Kittson,Minnesota
27983.0,Le Sueur,Minnesota
5506.0,Mahnomen,Minnesota
54727.0,Chisago,Minnesota
15331.0,Redwood,Minnesota
9868.0,Yellow Medicine,Minnesota
24440.0,Todd,Minnesota
46117.0,Beltrami,Minnesota
66322.0,Blue Earth,Minnesota
18663.0,Houston,Minnesota
6773.0,Lac qui Parle,Minnesota
3809.0,Lake of the Woods,Minnesota
57992.0,Otter Tail,Minnesota
18809.0,Waseca,Minnesota
200080.0,St. Louis,Minnesota
347431.0,Anoka,Minnesota
156819.0,Stearns,Minnesota
5707.0,Lincoln,Minnesota
9392.0,Marshall,Minnesota
25728.0,Mille Lacs,Minnesota
253317.0,Washington,Minnesota
35540.0,Carlton,Minnesota
16004.0,Kanabec,Minnesota
12644.0,Koochiching,Minnesota
4008.0,Red Lake,Minnesota
32949.0,Morrison,Minnesota
65765.0,Rice,Minnesota
36676.0,Steele,Minnesota
15834.0,Aitkin,Minnesota
13896.0,Faribault,Minnesota
8353.0,Murray,Minnesota
42658.0,Kandiyohi,Minnesota
10569.0,Lake,Minnesota
9413.0,Rock,Minnesota
14912.0,Sibley,Minnesota
3337.0,Traverse,Minnesota
33773.0,Becker,Minnesota
1235478.0,Hennepin,Minnesota
25211.0,Brown,Minnesota
12010.0,Chippewa,Minnesota
8812.0,Clearwater,Minnesota
20862.0,Hubbard,Minnesota
38974.0,Isanti,Minnesota
19964.0,Martin,Minnesota
39602.0,Mower,Minnesota
29129.0,Pine,Minnesota
153065.0,Olmsted,Minnesota
13646.0,Wadena,Minnesota
39779.0,Benton,Minnesota
30526.0,Freeborn,Minnesota
35825.0,McLeod,Minnesota
10980.0,Pope,Minnesota
9784.0,Stevens,Minnesota
9411.0,Swift,Minnesota
18075.0,Holmes,Mississippi
12468.0,Amite,Mississippi
14571.0,Calhoun,Mississippi
19478.0,Tishomingo,Mississippi
20422.0,Wayne,Mississippi
29565.0,Austin,Texas
595.0,Kenedy,Texas
360486.0,Nueces,Texas
21022.0,Colorado,Texas
67046.0,San Patricio,Texas
11473.0,Rains,Texas
132475.0,Randall,Texas
3389.0,Real,Texas
5962.0,San Saba,Texas
3061.0,Schleicher,Texas
1141.0,Sterling,Texas
12131.0,Zavala,Texas
21807.0,Calhoun,Texas
6032.0,Carson,Texas
1408.0,Foard,Texas
19709.0,Freestone,Texas
7531.0,Goliad,Texas
8269.0,Hamilton,Texas
3952.0,Hardeman,Texas
8558.0,Mitchell,Texas
1546.0,Briscoe,Texas
19941.0,Lavaca,Texas
12615.0,Terry,Texas
2234.0,Jeff Davis,Texas
272053.0,Webb,Texas
5282.0,Jim Hogg,Texas
554445.0,Montgomery,Texas
7243.0,Dallam,Texas
1916.0,Armstrong,Texas
7787.0,Castro,Texas
31425.0,Kleberg,Texas
21754.0,Willacy,Texas
5861.0,Crosby,Texas
3883.0,Fisher,Texas
11355.0,Duval,Texas
11279.0,Blanco,Texas
35504.0,Jasper,Texas
3675.0,Kinney,Texas
18899.0,Deaf Smith,Texas
327089.0,Galveston,Texas
7409.0,La Salle,Texas
885.0,Roberts,Texas
21496.0,Tyler,Texas
5482.0,Wheeler,Texas
93858.0,Bowie,Texas
9216.0,Brewster,Texas
749.0,Kent,Texas
225015.0,Smith,Texas
3633.0,Crockett,Texas
56379.0,Hardin,Texas
36667.0,Howard,Texas
17098.0,Leon,Texas
19409.0,Montague,Texas
23440.0,Panola,Texas
12733.0,Millard,Utah
160537.0,Washington,Utah
7350.0,Kane,Utah
9616.0,Grand,Utah
2350.0,Rich,Utah
30523.0,Wasatch,Utah
53001.0,Box Elder,Utah
49691.0,Iron,Utah
21118.0,Sevier,Utah
247731.0,Weber,Utah
20219.0,Duchesne,Utah
15281.0,San Juan,Utah
1120805.0,Salt Lake,Utah
36323.0,Uintah,Utah
612.0,Daggett,Utah
340621.0,Davis,Utah
2694.0,Wayne,Utah
20356.0,Carbon,Utah
10248.0,Emery,Utah
11391.0,Morgan,Utah
122336.0,Cache,Utah
5017.0,Garfield,Utah
10948.0,Juab,Utah
59273.0,Rutland,Vermont
26911.0,Orleans,Vermont
6965.0,Grand Isle,Vermont
28937.0,Orange,Vermont
162052.0,Chittenden,Vermont
25268.0,Lamoille,Vermont
55427.0,Windsor,Vermont
30425.0,Caledonia,Vermont
42080.0,Tazewell,Virginia
43150.0,Windham,Vermont
36939.0,Addison,Vermont
58477.0,Washington,Vermont
14067.0,Falls Church city,Virginia
16423.0,Manassas Park city,Virginia
12039.0,Poquoson city,Virginia
11486.0,Sussex,Virginia
21926.0,Waynesboro city,Virginia
99621.0,Roanoke city,Virginia
25519.0,Salem city,Virginia
245592.0,Norfolk city,Virginia
12095.0,Charlotte,Virginia
1143529.0,Fairfax,Virginia
11659.0,Greensville,Virginia
74153.0,James City,Virginia
27408.0,Russell,Virginia
31059.0,Smyth,Virginia
7110.0,Lexington city,Virginia
55170.0,Campbell,Virginia
51588.0,Henry,Virginia
25890.0,King George,Virginia
10804.0,Lancaster,Virginia
24134.0,Lee,Virginia
8796.0,Mathews,Virginia
10700.0,Middlesex,Virginia
37894.0,Prince George,Virginia
79444.0,Rockingham,Virginia
22009.0,Scott,Virginia
6600.0,Surry,Virginia
15577.0,Appomattox,Virginia
56233.0,Franklin,Virginia
7052.0,King and Queen,Virginia
97997.0,Montgomery,Virginia
21103.0,New Kent,Virginia
9786.0,Cumberland,Virginia
22482.0,Goochland,Virginia
34779.0,Halifax,Virginia
13139.0,Madison,Virginia
456749.0,Prince William,Virginia
17939.0,Southampton,Virginia
2214.0,Highland,Virginia
16665.0,Brunswick,Virginia
30184.0,Caroline,Virginia
37161.0,Gloucester,Virginia
11957.0,Northampton,Virginia
17859.0,Patrick,Virginia
28574.0,Powhatan,Virginia
22509.0,Rockbridge,Virginia
43045.0,Shenandoah,Virginia
69115.0,Fauquier,Virginia
6995.0,Charles City,Virginia
50450.0,Culpeper,Virginia
28308.0,Dinwiddie,Virginia
19410.0,Greene,Virginia
104449.0,Hanover,Virginia
12278.0,Lunenburg,Virginia
35612.0,Orange,Virginia
53391.0,Harrisonburg city,Virginia
5381.0,Emporia city,Virginia
28940.0,Wythe,Virginia
237820.0,Chesapeake city,Virginia
106355.0,Albemarle,Virginia
77908.0,Bedford,Virginia
33222.0,Botetourt,Virginia
39025.0,Wise,Virginia
16843.0,Bristol city,Virginia
95311.0,Portsmouth city,Virginia
14788.0,Williamsburg city,Virginia
15286.0,Alleghany,Virginia
29738.0,Carroll,Virginia
54406.0,Washington,Virginia
12223.0,Northumberland,Virginia
23749.0,Page,Virginia
39449.0,Warren,Virginia
156505.0,Alexandria city,Virginia
28469.0,Fredericksburg city,Virginia
135583.0,Hampton city,Virginia
231803.0,Arlington,Virginia
22408.0,Hopewell city,Virginia
22138.0,Buchanan,Virginia
85153.0,Frederick,Virginia
144012.0,Stafford,Virginia
67587.0,York,Virginia
223787.0,Richmond city,Virginia
14812.0,Nelson,Virginia
61676.0,Pittsylvania,Virginia
3990.0,Norton city,Virginia
26282.0,Fluvanna,Virginia
12854.0,Amelia,Virginia
27789.0,Winchester city,Virginia
32742.0,Accomack,Virginia
15666.0,Floyd,Virginia
15811.0,Grayson,Virginia
15500.0,Nottoway,Virginia
68209.0,Harrison,West Virginia
42547.0,Ohio,West Virginia
7396.0,Calhoun,West Virginia
17624.0,Morgan,West Virginia
76232.0,Raleigh,West Virginia
14282.0,Braxton,West Virginia
16730.0,Barbour,West Virginia
19217.0,McDowell,West Virginia
40708.0,Wayne,West Virginia
21711.0,Wyoming,West Virginia
29018.0,Jackson,West Virginia
60486.0,Mercer,West Virginia
24605.0,Upshur,West Virginia
8518.0,Webster,West Virginia
113495.0,Berkeley,West Virginia
44126.0,Fayette,West Virginia
11641.0,Grant,West Virginia
23363.0,Hampshire,West Virginia
13018.0,Summers,West Virginia
22772.0,Brooke,West Virginia
8536.0,Doddridge,West Virginia
27278.0,Mineral,West Virginia
35347.0,Greenbrier,West Virginia
13842.0,Hardy,West Virginia
56497.0,Marion,West Virginia
24741.0,Mingo,West Virginia
29680.0,Hancock,West Virginia
16276.0,Lewis,West Virginia
25324.0,Nicholas,West Virginia
8531.0,Pocahontas,West Virginia
8909.0,Tyler,West Virginia
29065.0,Randolph,West Virginia
16951.0,Taylor,West Virginia
5797.0,Wirt,West Virginia
8785.0,Clay,West Virginia
8205.0,Gilmer,West Virginia
105252.0,Monongalia,West Virginia
13467.0,Monroe,West Virginia
15614.0,Wetzel,West Virginia
95318.0,Cabell,West Virginia
185710.0,Kanawha,West Virginia
7056.0,Pendleton,West Virginia
33837.0,Preston,West Virginia
262475.0,Kitsap,Washington
2163257.0,King,Washington
13219.0,Pend Oreille,Washington
16473.0,San Juan,Washington
48593.0,Whitman,Washington
249325.0,Yakima,Washington
105112.0,Cowlitz,Washington
7576.0,Ferry,Washington
76947.0,Lewis,Washington
71967.0,Grays Harbor,Washington
81636.0,Island,Washington
4189.0,Wahkiakum,Washington
90660.0,Franklin,Washington
94860.0,Grant,Washington
216812.0,Whatcom,Washington
41638.0,Okanogan,Washington
44825.0,Kittitas,Washington
194168.0,Benton,Washington
4001.0,Columbia,Washington
22337.0,Asotin,Washington
2224.0,Garfield,Washington
62627.0,Mason,Washington
44214.0,Stevens,Washington
497875.0,Spokane,Washington
75757.0,Chelan,Washington
161769.0,Rock,Wisconsin
24116.0,Waushara,Wisconsin
20073.0,Adams,Wisconsin
14992.0,Bayfield,Wisconsin
16735.0,Lafayette,Wisconsin
45502.0,Monroe,Wisconsin
41603.0,Pierce,Wisconsin
73274.0,Wood,Wisconsin
15712.0,Ashland,Wisconsin
49807.0,Calumet,Wisconsin
4337.0,Florence,Wisconsin
34491.0,Clark,Wisconsin
84652.0,Jefferson,Wisconsin
168330.0,Kenosha,Wisconsin
5715.0,Iron,Wisconsin
87917.0,St. Croix,Wisconsin
37556.0,Oconto,Wisconsin
27848.0,Lincoln,Wisconsin
51444.0,Waupaca,Wisconsin
45252.0,Barron,Wisconsin
16370.0,Sawyer,Wisconsin
18757.0,Green Lake,Wisconsin
15207.0,Marquette,Wisconsin
40537.0,Marinette,Wisconsin
195398.0,Racine,Wisconsin
169926.0,Winnebago,Wisconsin
9018.0,Forest,Wisconsin
51828.0,Grant,Wisconsin
14183.0,Rusk,Wisconsin
115205.0,Sheboygan,Wisconsin
19164.0,Langlade,Wisconsin
184754.0,Outagamie,Wisconsin
30516.0,Vernon,Wisconsin
56954.0,Columbia,Wisconsin
20360.0,Kewaunee,Wisconsin
259786.0,Brown,Wisconsin
135264.0,Marathon,Wisconsin
35345.0,Oneida,Wisconsin
29438.0,Trempealeau,Wisconsin
15689.0,Washburn,Wisconsin
87776.0,Dodge,Wisconsin
103013.0,Walworth,Wisconsin
16288.0,Crawford,Wisconsin
79407.0,Manitowoc,Wisconsin
63596.0,Sauk,Wisconsin
15258.0,Burnett,Wisconsin
63635.0,Chippewa,Wisconsin
27439.0,Door,Wisconsin
43402.0,Douglas,Wisconsin
20506.0,Jackson,Wisconsin
23620.0,Iowa,Wisconsin
88284.0,Ozaukee,Wisconsin
17539.0,Richland,Wisconsin
47708.0,Campbell,Wyoming
8515.0,Johnson,Wyoming
80610.0,Natrona,Wyoming
13997.0,Converse,Wyoming
2448.0,Niobrara,Wyoming
23059.0,Teton,Wyoming
44117.0,Sweetwater,Wyoming
8673.0,Platte,Wyoming
29121.0,Park,Wyoming
30012.0,Sheridan,Wyoming
11901.0,Big Horn,Wyoming
7410.0,Crook,Wyoming
38102.0,Albany,Wyoming
15477.0,Carbon,Wyoming
13438.0,Goshen,Wyoming
20609.0,Uinta,Wyoming
8129.0,Washakie,Wyoming
4680.0,Hot Springs,Wyoming
40076.0,Fremont,Wyoming
9951.0,Sublette,Wyoming
7100.0,Weston,Wyoming
40390.0,Hatillo Municipio,Puerto Rico
53466.0,Humacao Municipio,Puerto Rico
31320.0,Morovis Municipio,Puerto Rico
77255.0,Mayag�ez Municipio,Puerto Rico
67780.0,Trujillo Alto Municipio,Puerto Rico
24036.0,Quebradillas Municipio,Puerto Rico
36872.0,Moca Municipio,Puerto Rico
1314.0,Culebra Municipio,Puerto Rico
28633.0,Salinas Municipio,Puerto Rico
24299.0,Barceloneta Municipio,Puerto Rico
36439.0,Yauco Municipio,Puerto Rico
88663.0,Guaynabo Municipio,Puerto Rico
49005.0,Cabo Rojo Municipio,Puerto Rico
32001.0,Fajardo Municipio,Puerto Rico
17334.0,Patillas Municipio,Puerto Rico
14269.0,Rinc�n Municipio,Puerto Rico
26275.0,Aguas Buenas Municipio,Puerto Rico
182955.0,Bayam�n Municipio,Puerto Rico
44530.0,Cayey Municipio,Puerto Rico
11023.0,Maunabo Municipio,Puerto Rico
20984.0,Pe�uelas Municipio,Puerto Rico
37964.0,San Sebasti�n Municipio,Puerto Rico
73405.0,Toa Alta Municipio,Puerto Rico
8771.0,Vieques Municipio,Puerto Rico
34149.0,Yabucoa Municipio,Puerto Rico
131363.0,Caguas Municipio,Puerto Rico
46108.0,Can�vanas Municipio,Puerto Rico
39265.0,Coamo Municipio,Puerto Rico
37208.0,Dorado Municipio,Puerto Rico
28755.0,Barranquitas Municipio,Puerto Rico
21407.0,Orocovis Municipio,Puerto Rico
27368.0,A�asco Municipio,Puerto Rico
11853.0,Ceiba Municipio,Puerto Rico
19539.0,Comer�o Municipio,Puerto Rico
42420.0,Isabela Municipio,Puerto Rico
26451.0,Lares Municipio,Puerto Rico
37768.0,Las Piedras Municipio,Puerto Rico
344606.0,San Juan Municipio,Puerto Rico
37724.0,Vega Alta Municipio,Puerto Rico
6202.0,Maricao Municipio,Puerto Rico
23457.0,Aibonito Municipio,Puerto Rico
39128.0,Juncos Municipio,Puerto Rico
23054.0,Sabana Grande Municipio,Puerto Rico
16180.0,Hormigueros Municipio,Puerto Rico
18181.0,Adjuntas Municipio,Puerto Rico
32222.0,Camuy Municipio,Puerto Rico
16783.0,Gu�nica Municipio,Puerto Rico
39692.0,Manat� Municipio,Puerto Rico
26266.0,Naguabo Municipio,Puerto Rico
28557.0,Naranjito Municipio,Puerto Rico
32114.0,San Germ�n Municipio,Puerto Rico
29402.0,Utuado Municipio,Puerto Rico
87242.0,Arecibo Municipio,Puerto Rico
18111.0,Arroyo Municipio,Puerto Rico
24888.0,Cata�o Municipio,Puerto Rico
11910.0,Florida Municipio,Puerto Rico
21512.0,Monroe,Alabama
33171.0,Lawrence,Alabama
159287.0,Lee,Alabama
20298.0,Pickens,Alabama
12985.0,Sumter,Alabama
13075.0,Choctaw,Alabama
19538.0,Marengo,Alabama
58213.0,Russell,Alabama
37351.0,Covington,Alabama
13865.0,Crenshaw,Alabama
92585.0,Lauderdale,Alabama
10236.0,Lowndes,Alabama
93052.0,Limestone,Alabama
87306.0,St. Clair,Alabama
23875.0,Winston,Alabama
82313.0,Cullman,Alabama
81212.0,Elmore,Alabama
52094.0,Jackson,Alabama
80565.0,Talladega,Alabama
16643.0,Washington,Alabama
51288.0,Coffee,Alabama
119122.0,Morgan,Alabama
43930.0,Chilton,Alabama
54495.0,Colbert,Alabama
49255.0,Dale,Alabama
102939.0,Etowah,Alabama
71200.0,DeKalb,Alabama
13933.0,Lamar,Alabama
22574.0,Randolph,Alabama
414659.0,Mobile,Alabama
64493.0,Walker,Alabama
14938.0,Cleburne,Alabama
8426.0,Greene,Alabama
25782.0,Barbour,Alabama
10352.0,Bullock,Alabama
115098.0,Calhoun,Alabama
24387.0,Clarke,Alabama
226941.0,Montgomery,Alabama
95145.0,Marshall,Alabama
17124.0,Henry,Alabama
357560.0,Madison,Alabama
40636.0,Tallapoosa,Alabama
5750.0,Aleutians West Census Area,Alaska
10809.0,Wilcox,Alabama
2232.0,Denali Borough,Alaska
58220.0,Kenai Peninsula Borough,Alaska
890.0,Bristol Bay Borough,Alaska
13649.0,Kodiak Island Borough,Alaska
7734.0,Northwest Arctic Borough,Alaska
18040.0,Bethel Census Area,Alaska
9797.0,North Slope Borough,Alaska
8738.0,Sitka City and Borough,Alaska
99653.0,Fairbanks North Star Borough,Alaska
13804.0,Ketchikan Gateway Borough,Alaska
103464.0,Matanuska-Susitna Borough,Alaska
9925.0,Nome Census Area,Alaska
4975.0,Dillingham Census Area,Alaska
2518.0,Haines Borough,Alaska
689.0,Yakutat City and Borough,Alaska
32330.0,Juneau City and Borough,Alaska
1375.0,Lake and Peninsula Borough,Alaska
6876.0,Southeast Fairbanks Census Area,Alaska
5415.0,Yukon-Koyukuk Census Area,Alaska
296112.0,Anchorage Municipality,Alaska
3425.0,Aleutians East Borough,Alaska
1061.0,Skagway Municipality,Alaska
6474.0,Prince of Wales-Hyder Census Area,Alaska
3255.0,Petersburg Borough,Alaska
8198.0,Kusilvak Census Area,Alaska
4253913.0,Maricopa,Arizona
37879.0,Graham,Arizona
46584.0,Santa Cruz,Arizona
20701.0,La Paz,Arizona
206064.0,Mohave,Arizona
140217.0,Coconino,Arizona
207829.0,Yuma,Arizona
9504.0,Greenlee,Arizona
419721.0,Pinal,Arizona
26294.0,St. Francis,Arkansas
78804.0,White,Arkansas
8440.0,Nevada,Arkansas
16998.0,Cross,Arkansas
18502.0,Drew,Arkansas
23892.0,Columbia,Arkansas
118009.0,Saline,Arkansas
16684.0,Van Buren,Arkansas
13559.0,Izard,Arkansas
13695.0,Lincoln,Arkansas
21757.0,Logan,Arkansas
49013.0,Crittenden,Arkansas
17780.0,Franklin,Arkansas
10808.0,Pike,Arkansas
70424.0,Jefferson,Arkansas
8993.0,Montgomery,Arkansas
10442.0,Scott,Arkansas
127461.0,Sebastian,Arkansas
258980.0,Benton,Arkansas
10826.0,Chicot,Arkansas
26291.0,Johnson,Arkansas
9398.0,Lee,Arkansas
63644.0,Pope,Arkansas
11887.0,Desha,Arkansas
12139.0,Fulton,Arkansas
98296.0,Garland,Arkansas
8244.0,Prairie,Arkansas
28281.0,Van Wert,Ohio
60671.0,Washington,Ohio
36936.0,Williams,Ohio
45784.0,Auglaize,Ohio
104003.0,Columbiana,Ohio
51734.0,Darke,Ohio
40709.0,Ottawa,Ohio
42305.0,Fulton,Ohio
31542.0,Hardin,Ohio
32524.0,Jackson,Ohio
432379.0,Lucas,Ohio
34976.0,Morrow,Ohio
14443.0,Noble,Ohio
41207.0,Preble,Ohio
55475.0,Seneca,Ohio
373475.0,Stark,Ohio
103642.0,Allen,Ohio
36574.0,Coshocton,Ohio
42021.0,Crawford,Ohio
197008.0,Delaware,Ohio
39274.0,Guernsey,Ohio
28495.0,Hocking,Ohio
40806.0,Mercer,Ohio
77051.0,Ross,Ohio
1253783.0,Cuyahoga,Ohio
306713.0,Lorain,Ohio
104800.0,Miami,Ohio
532034.0,Montgomery,Ohio
201794.0,Trumbull,Ohio
129936.0,Wood,Ohio
98136.0,Ashtabula,Ohio
22113.0,Adair,Oklahoma
43983.0,Stephens,Oklahoma
2189.0,Cimarron,Oklahoma
48406.0,Carter,Oklahoma
4418.0,Grant,Oklahoma
5943.0,Greer,Oklahoma
38634.0,McClain,Oklahoma
19819.0,McIntosh,Oklahoma
13875.0,Murray,Oklahoma
11411.0,Noble,Oklahoma
31566.0,Ottawa,Oklahoma
41359.0,Sequoyah,Oklahoma
77850.0,Wagoner,Oklahoma
9127.0,Woods,Oklahoma
29342.0,Caddo,Oklahoma
69084.0,Muskogee,Oklahoma
12115.0,Okfuskee,Oklahoma
45759.0,Bryan,Oklahoma
3847.0,Harper,Oklahoma
44880.0,Kay,Oklahoma
14493.0,Craig,Oklahoma
642781.0,Tulsa,Oklahoma
136710.0,Canadian,Oklahoma
2721.0,Harmon,Oklahoma
11119.0,Pushmataha,Oklahoma
10495.0,Latimer,Oklahoma
47311.0,Osage,Oklahoma
21121.0,Texas,Oklahoma
62190.0,Garfield,Oklahoma
11041.0,Johnston,Oklahoma
44382.0,Pittsburg,Oklahoma
3708.0,Roger Mills,Oklahoma
20967.0,Woodward,Oklahoma
48599.0,Cherokee,Oklahoma
42112.0,Delaware,Oklahoma
4072.0,Ellis,Oklahoma
54733.0,Grady,Oklahoma
81512.0,Payne,Oklahoma
72000.0,Pottawatomie,Oklahoma
71160.0,Creek,Oklahoma
7515.0,Tillman,Oklahoma
11432.0,Washita,Oklahoma
5929.0,Cotton,Oklahoma
9001.0,Kiowa,Oklahoma
49909.0,Le Flore,Oklahoma
32966.0,McCurtain,Oklahoma
7718.0,Major,Oklahoma
40980.0,Mayes,Oklahoma
782051.0,Oklahoma,Oklahoma
29209.0,Custer,Oklahoma
5415.0,Beaver,Oklahoma
9933.0,Love,Oklahoma
22621.0,Beckham,Oklahoma
14886.0,Choctaw,Oklahoma
25384.0,Jackson,Oklahoma
34854.0,Lincoln,Oklahoma
335553.0,Marion,Oregon
214267.0,Jackson,Oregon
7183.0,Grant,Oregon
23143.0,Jefferson,Oregon
405788.0,Clackamas,Oregon
122870.0,Linn,Oregon
26076.0,Tillamook,Oregon
15984.0,Baker,Oregon
85481.0,Josephine,Oregon
76898.0,Umatilla,Oregon
47881.0,Lincoln,Oregon
50851.0,Columbia,Oregon
1605.0,Sherman,Oregon
25866.0,Wasco,Oregon
368882.0,Lane,Oregon
30431.0,Malheur,Oregon
581821.0,Washington,Oregon
11215.0,Morrow,Oregon
38562.0,Clatsop,Oregon
22507.0,Curry,Oregon
1907.0,Gilliam,Oregon
7843.0,Lake,Oregon
26028.0,Union,Oregon
563527.0,Delaware,Pennsylvania
45114.0,Union,Pennsylvania
51536.0,Wayne,Pennsylvania
274515.0,Dauphin,Pennsylvania
354751.0,Westmoreland,Pennsylvania
7351.0,Forest,Pennsylvania
167586.0,Monroe,Pennsylvania
1575522.0,Philadelphia,Pennsylvania
123842.0,Blair,Pennsylvania
134550.0,Cambria,Pennsylvania
416642.0,Berks,Pennsylvania
45421.0,Huntingdon,Pennsylvania
87382.0,Lawrence,Pennsylvania
46362.0,Mifflin,Pennsylvania
247433.0,Cumberland,Pennsylvania
1225561.0,Allegheny,Pennsylvania
40466.0,Snyder,Pennsylvania
41340.0,Susquehanna,Pennsylvania
86164.0,Crawford,Pennsylvania
275972.0,Erie,Pennsylvania
14506.0,Fulton,Pennsylvania
24562.0,Juniata,Pennsylvania
143555.0,Schuylkill,Pennsylvania
27588.0,Wyoming,Pennsylvania
102023.0,Adams,Pennsylvania
66331.0,Armstrong,Pennsylvania
39074.0,Clinton,Pennsylvania
63931.0,Carbon,Pennsylvania
161443.0,Centre,Pennsylvania
92325.0,Northumberland,Pennsylvania
301778.0,Northampton,Pennsylvania
4686.0,Cameron,Pennsylvania
52376.0,Venango,Pennsylvania
166896.0,Beaver,Pennsylvania
626370.0,Bucks,Pennsylvania
211454.0,Lackawanna,Pennsylvania
41806.0,McKean,Pennsylvania
132289.0,Fayette,Pennsylvania
821301.0,Montgomery,Pennsylvania
37144.0,Greene,Pennsylvania
138674.0,Lebanon,Pennsylvania
317884.0,Luzerne,Pennsylvania
18294.0,Montour,Pennsylvania
66220.0,Columbia,Pennsylvania
186566.0,Butler,Pennsylvania
44084.0,Jefferson,Pennsylvania
538347.0,Lancaster,Pennsylvania
45924.0,Perry,Pennsylvania
16937.0,Potter,Pennsylvania
41226.0,Tioga,Pennsylvania
634533.0,Providence,Rhode Island
48900.0,Bristol,Rhode Island
83075.0,Newport,Rhode Island
166926.0,Aiken,South Carolina
38068.0,Newberry,South Carolina
26769.0,Edgefield,South Carolina
34017.0,Clarendon,South Carolina
37568.0,Colleton,South Carolina
106995.0,Sumter,South Carolina
286316.0,Lexington,South Carolina
21577.0,Barnwell,South Carolina
258641.0,York,South Carolina
209065.0,Berkeley,South Carolina
67253.0,Darlington,South Carolina
61605.0,Georgetown,South Carolina
195995.0,Anderson,South Carolina
46024.0,Chesterfield,South Carolina
70264.0,Greenwood,South Carolina
320915.0,Horry,South Carolina
64361.0,Kershaw,South Carolina
88454.0,Orangeburg,South Carolina
24657.0,Abbeville,South Carolina
14600.0,Bamberg,South Carolina
14713.0,Calhoun,South Carolina
30871.0,Dillon,South Carolina
408263.0,Richland,South Carolina
22712.0,Fairfield,South Carolina
19807.0,Hampton,South Carolina
498402.0,Greenville,South Carolina
89546.0,Lancaster,South Carolina
155474.0,Dorchester,South Carolina
138561.0,Florence,South Carolina
66710.0,Laurens,South Carolina
9606.0,McCormick,South Carolina
122746.0,Pickens,South Carolina
27644.0,Union,South Carolina
31794.0,Williamsburg,South Carolina
2759.0,Aurora,South Dakota
7217.0,Grant,South Dakota
5468.0,Tripp,South Dakota
3287.0,Jackson,South Dakota
186749.0,Minnehaha,South Dakota
8573.0,Custer,South Dakota
1331.0,Hyde,South Dakota
3673.0,Clark,South Dakota
2322.0,Faulk,South Dakota
4967.0,Kingsbury,South Dakota
5510.0,Walworth,South Dakota
13925.0,Clay,South Dakota
5506.0,Day,South Dakota
2930.0,Douglas,South Dakota
1311.0,Harding,South Dakota
2364.0,McPherson,South Dakota
10285.0,Roberts,South Dakota
1331.0,Sully,South Dakota
54914.0,Lincoln,South Dakota
12574.0,Lake,South Dakota
25234.0,Lawrence,South Dakota
27993.0,Codington,South Dakota
10177.0,Butte,South Dakota
4168.0,Corson,South Dakota
3940.0,Edmunds,South Dakota
1435.0,Campbell,South Dakota
3437.0,Bennett,South Dakota
2082.0,Haakon,South Dakota
735.0,Jones,South Dakota
27424.0,Meade,South Dakota
5511.0,McCook,South Dakota
8264.0,Turner,South Dakota
38840.0,Brown,South Dakota
3397.0,Hanson,South Dakota
2055.0,Mellette,South Dakota
2907.0,Perkins,South Dakota
109294.0,Pennington,South Dakota
15177.0,Union,South Dakota
2229.0,Miner,South Dakota
2814.0,Ziebach,South Dakota
4306.0,Deuel,South Dakota
6969.0,Bon Homme,South Dakota
5256.0,Brule,South Dakota
6774.0,Fall River,South Dakota
4201.0,Gregory,South Dakota
14335.0,Oglala Lakota,South Dakota
89776.0,Maury,Tennessee
19293.0,Union,Tennessee
196387.0,Montgomery,Tennessee
51988.0,Dickson,Tennessee
21596.0,Morgan,Tennessee
13331.0,Grundy,Tennessee
45876.0,Monroe,Tennessee
32279.0,Henry,Tennessee
35336.0,Cocke,Tennessee
14499.0,Crockett,Tennessee
19601.0,DeKalb,Tennessee
7526.0,Lake,Tennessee
456185.0,Knox,Tennessee
11956.0,Lewis,Tennessee
52773.0,McMinn,Tennessee
32269.0,Marshall,Tennessee
30520.0,Obion,Tennessee
32628.0,Rhea,Tennessee
21954.0,Scott,Tennessee
61446.0,Tipton,Tennessee
75775.0,Anderson,Tennessee
37576.0,Dyer,Tennessee
17994.0,Fentress,Tennessee
49175.0,Gibson,Tennessee
357546.0,Hamilton,Tennessee
51610.0,Loudon,Tennessee
307128.0,Rutherford,Tennessee
19458.0,Smith,Tennessee
132663.0,Wilson,Tennessee
156734.0,Sullivan,Tennessee
40454.0,Warren,Tennessee
127055.0,Washington,Tennessee
16112.0,Benton,Tennessee
39687.0,Campbell,Tennessee
13976.0,Cannon,Tennessee
39692.0,Fayette,Tennessee
6585.0,Hancock,Tennessee
17789.0,Johnson,Tennessee
33711.0,Lincoln,Tennessee
6322.0,Moore,Tennessee
41512.0,Franklin,Tennessee
128443.0,Blount,Tennessee
42937.0,Lawrence,Tennessee
56391.0,Carter,Tennessee
23013.0,Grainger,Tennessee
26297.0,Lauderdale,Tennessee
28417.0,Marion,Tennessee
22004.0,Overton,Tennessee
179473.0,Sumner,Tennessee
9573.0,Trousdale,Tennessee
218648.0,Williamson,Tennessee
7686.0,Clay,Tennessee
68669.0,Greene,Tennessee
937005.0,Shelby,Tennessee
5704.0,Van Buren,Tennessee
27859.0,Henderson,Tennessee
24678.0,Hickman,Tennessee
53247.0,Jefferson,Tennessee
14730.0,Sequatchie,Tennessee
96287.0,Sevier,Tennessee
28018.0,Carroll,Tennessee
17150.0,Chester,Tennessee
684017.0,Davidson,Tennessee
11615.0,Jackson,Tennessee
7912.0,Perry,Tennessee
52897.0,Roane,Tennessee
11962.0,Meigs,Tennessee
63740.0,Hamblen,Tennessee
17779.0,Haywood,Tennessee
41482.0,Erath,Texas
353999.0,Brazoria,Texas
1156.0,Motley,Texas
3387.0,Donley,Texas
48828.0,Atascosa,Texas
8391.0,Coleman,Texas
14966.0,Nolan,Texas
4098.0,Hudspeth,Texas
49334.0,Medina,Texas
11586.0,Ward,Texas
80460.0,Henderson,Texas
66645.0,Harrison,Texas
2123.0,Menard,Texas
49532.0,Lamar,Texas
25066.0,Fayette,Texas
527057.0,Williamson,Texas
47837.0,Polk,Texas
7236.0,Refugio,Texas
41401.0,Caldwell,Texas
12906.0,Wilbarger,Texas
3752.0,Reagan,Texas
34113.0,Hale,Texas
25478.0,Shelby,Texas
10310.0,Runnels,Texas
27819.0,San Jacinto,Texas
117466.0,Tom Green,Texas
91970.0,Victoria,Texas
49987.0,Waller,Texas
131818.0,Wichita,Texas
48198.0,Wilson,Texas
23162.0,Hockley,Texas
57970.0,Maverick,Texas
34175.0,Fannin,Texas
164194.0,Midland,Texas
12123.0,Live Oak,Texas
20640.0,Llano,Texas
15387.0,Karnes,Texas
219193.0,Brazos,Texas
30087.0,Cass,Texas
20321.0,Gaines,Texas
22685.0,Gray,Texas
14128.0,Madison,Texas
8842.0,Jack,Texas
41982.0,Kendall,Texas
18122.0,Bosque,Texas
1925865.0,Bexar,Texas
7092.0,Bailey,Texas
3591.0,Baylor,Texas
421750.0,Cameron,Texas
807047.0,Denton,Texas
34796.0,Washington,Texas
12424.0,Morris,Texas
9372.0,Stephens,Texas
4602523.0,Harris,Texas
17818.0,Andrews,Texas
26208.0,Gillespie,Texas
20667.0,Gonzales,Texas
5808.0,Lynn,Texas
18114.0,Young,Texas
14369.0,Zapata,Texas
56901.0,Hood,Texas
36240.0,Hopkins,Texas
10348.0,Ochiltree,Texas
228.0,King,Texas
3733.0,Knox,Texas
248429.0,McLennan,Texas
51903.0,Cherokee,Texas
4233.0,Concho,Texas
5215.0,Delta,Texas
2055.0,Edwards,Texas
18270.0,Eastland,Texas
19891.0,Jones,Texas
15125.0,Reeves,Texas
10458.0,Sabine,Texas
3058.0,Sherman,Texas
7484.0,Swisher,Texas
92152.0,Hunt,Texas
12813.0,Camp,Texas
5547.0,Hansford,Texas
155137.0,Guadalupe,Texas
10387.0,Clay,Texas
35399.0,Hill,Texas
65558.0,Nacogdoches,Texas
9852.0,Parmer,Texas
7123.0,Presidio,Texas
49027.0,Val Verde,Texas
158342.0,Ector,Texas
1430.0,Glasscock,Texas
27630.0,Grimes,Texas
944350.0,Collin,Texas
87607.0,Angelina,Texas
1623.0,Cottle,Texas
204150.0,Hays,Texas
93642.0,Rockwall,Texas
3469.0,Lipscomb,Texas
36743.0,Matagorda,Texas
15797.0,Pecos,Texas
53595.0,Rusk,Texas
1567.0,Throckmorton,Texas
71539.0,Walker,Texas
43815.0,Wood,Texas
24763.0,Aransas,Texas
7226.0,Childress,Texas
3275.0,Coke,Texas
75389.0,Coryell,Texas
4061.0,Hemphill,Texas
21801.0,Moore,Texas
48583.0,Navarro,Texas
8327.0,San Augustine,Texas
3311.0,Shackelford,Texas
63894.0,Starr,Texas
3634.0,Upton,Texas
82577.0,Bastrop,Texas
3074.0,Hall,Texas
10679.0,Franklin,Texas
19394.0,Frio,Texas
20640.0,Lampasas,Texas
4161.0,Mason,Texas
2216.0,Dickens,Texas
2019977.0,Tarrant,Texas
57863.0,Anderson,Texas
14820.0,Jackson,Texas
24664.0,Milam,Texas
13495.0,Comanche,Texas
7180.0,Brooks,Texas
13191.0,Cass,Iowa
11468.0,Cherokee,Iowa
17132.0,Crawford,Iowa
39600.0,Des Moines,Iowa
19929.0,Fayette,Iowa
14143.0,Harrison,Iowa
15075.0,Kossuth,Iowa
14957.0,Mills,Iowa
8796.0,Monona,Iowa
42950.0,Muscatine,Iowa
6115.0,Osceola,Iowa
474274.0,Polk,Iowa
36757.0,Webster,Iowa
96922.0,Story,Iowa
102398.0,Woodbury,Iowa
133009.0,Black Hawk,Iowa
12341.0,Grundy,Iowa
19395.0,Jackson,Iowa
20568.0,Jones,Iowa
34541.0,Lee,Iowa
10631.0,Mitchell,Iowa
49361.0,Warren,Iowa
9868.0,Sac,Iowa
25039.0,Plymouth,Iowa
16313.0,Clay,Iowa
47218.0,Clinton,Iowa
3663.0,Smith,Kansas
7616.0,Grant,Kansas
7470.0,Kingman,Kansas
66468.0,Butler,Kansas
10104.0,Nemaha,Kansas
23545.0,Pottawatomie,Kansas
20331.0,Cherokee,Kansas
3097.0,Lincoln,Kansas
23208.0,Sumner,Kansas
2858.0,Trego,Kansas
8780.0,Wilson,Kansas
3170.0,Woodson,Kansas
2955.0,Ness,Kansas
3603.0,Osborne,Kansas
14702.0,Bourbon,Kansas
2616.0,Hamilton,Kansas
2526.0,Kiowa,Kansas
178284.0,Shawnee,Kansas
5966.0,Sherman,Kansas
7824.0,Thomas,Kansas
32970.0,Montgomery,Kansas
5566.0,Morris,Kansas
2509.0,Rawlins,Kansas
5118.0,Rooks,Kansas
2053.0,Clark,Kansas
6293.0,Ellsworth,Kansas
5673.0,Harper,Kansas
6977.0,Russell,Kansas
33299.0,Lyon,Kansas
6709.0,Pawnee,Kansas
12630.0,Allen,Kansas
1780.0,Comanche,Kansas
2562.0,Elk,Kansas
2619.0,Gove,Kansas
34555.0,Harvey,Kansas
1842.0,Hodgeman,Kansas
3932.0,Kearny,Kansas
4214.0,Stafford,Kansas
28630.0,McPherson,Kansas
15882.0,Osage,Kansas
1200.0,Greeley,Kansas
8296.0,Coffey,Kansas
39108.0,Crawford,Kansas
28878.0,Ellis,Kansas
6156.0,Greenwood,Kansas
20367.0,Labette,Kansas
9635.0,Linn,Kansas
512064.0,Sedgwick,Kansas
22692.0,Seward,Kansas
4686.0,Republic,Kansas
2545.0,Graham,Kansas
585502.0,Johnson,Kansas
119319.0,Douglas,Kansas
2506.0,Sheridan,Kansas
33127.0,Miami,Kansas
6037.0,Gray,Kansas
1575.0,Wallace,Kansas
5686.0,Stevens,Kansas
5525.0,Washington,Kansas
3367.0,Chautauqua,Kansas
2838.0,Morton,Kansas
63101.0,Reno,Kansas
9060.0,Cloud,Kansas
4949.0,Scott,Kansas
7736.0,Doniphan,Kansas
4047.0,Haskell,Kansas
1642.0,Lane,Kansas
16125.0,Neosho,Kansas
9664.0,Brown,Kansas
5408.0,Phillips,Kansas
75296.0,Riley,Kansas
2881.0,Decatur,Kansas
18888.0,Jefferson,Kansas
12745.0,Butler,Kentucky
12122.0,Edmonson,Kentucky
18668.0,Harrison,Kentucky
8306.0,Bracken,Kentucky
8186.0,Lyon,Kentucky
7517.0,Elliott,Kentucky
767154.0,Jefferson,Kentucky
14156.0,Larue,Kentucky
17153.0,Mason,Kentucky
21516.0,Mercer,Kentucky
2143.0,Robertson,Kentucky
17760.0,Russell,Kentucky
12019.0,Washington,Kentucky
8090.0,Ballard,Kentucky
43680.0,Barren,Kentucky
11023.0,Green,Kentucky
8719.0,Hancock,Kentucky
11919.0,Martin,Kentucky
108095.0,Hardin,Kentucky
9331.0,McLean,Kentucky
24071.0,Ohio,Kentucky
12321.0,Powell,Kentucky
13155.0,Webster,Kentucky
12727.0,Caldwell,Kentucky
15796.0,Casey,Kentucky
72263.0,Christian,Kentucky
26178.0,Grayson,Kentucky
15814.0,Henry,Kentucky
45664.0,Hopkins,Kentucky
13373.0,Jackson,Kentucky
60180.0,Laurel,Kentucky
31166.0,Marshall,Kentucky
28326.0,Meade,Kentucky
27759.0,Montgomery,Kentucky
7100.0,Nicholas,Kentucky
65374.0,Oldham,Kentucky
10741.0,Owen,Kentucky
16827.0,Rockcastle,Kentucky
53517.0,Scott,Kentucky
126427.0,Warren,Kentucky
20794.0,Allen,Kentucky
20144.0,Bourbon,Kentucky
48091.0,Boyd,Kentucky
79466.0,Bullitt,Kentucky
9083.0,Crittenden,Kentucky
318734.0,Fayette,Kentucky
6210.0,Fulton,Kentucky
22843.0,Johnson,Kentucky
6405.0,Menifee,Kentucky
20621.0,Clay,Kentucky
13285.0,Morgan,Kentucky
26917.0,Perry,Kentucky
7223.0,Wolfe,Kentucky
27188.0,Bell,Kentucky
13116.0,Breathitt,Kentucky
37294.0,Graves,Kentucky
18627.0,Hart,Kentucky
20609.0,Wayne,Kentucky
19232.0,Marion,Kentucky
14344.0,Trigg,Kentucky
129095.0,Boone,Kentucky
10472.0,Leslie,Kentucky
31467.0,Knox,Kentucky
15783.0,Lawrence,Kentucky
9263.0,Livingston,Kentucky
60483.0,Pike,Kentucky
46786.0,Shelby,Kentucky
22214.0,Anderson,Kentucky
20080.0,Breckinridge,Kentucky
50296.0,Franklin,Kentucky
164688.0,Kenton,Kentucky
89700.0,Madison,Kentucky
12666.0,Magoffin,Kentucky
4463.0,Owsley,Kentucky
18063.0,Simpson,Kentucky
25500.0,Taylor,Kentucky
12350.0,Todd,Kentucky
4841.0,Carlisle,Kentucky
10211.0,Clinton,Kentucky
8703.0,Gallatin,Kentucky
17328.0,Garrard,Kentucky
14479.0,Fleming,Kentucky
92267.0,Campbell,Kentucky
59867.0,Vermilion Parish,Louisiana
52724.0,St. Charles Parish,Louisiana
20021.0,Concordia Parish,Louisiana
4666.0,Tensas Parish,Louisiana
21357.0,St. James Parish,Louisiana
22348.0,Grant Parish,Louisiana
435300.0,Jefferson Parish,Louisiana
13668.0,Bienville Parish,Louisiana
126131.0,Bossier Parish,Louisiana
6868.0,Cameron Parish,Louisiana
19499.0,East Feliciana Parish,Louisiana
43446.0,St. John the Baptist Parish,Louisiana
23373.0,Plaquemines Parish,Louisiana
156075.0,Ouachita Parish,Louisiana
131546.0,Rapides Parish,Louisiana
46457.0,Washington Parish,Louisiana
83449.0,St. Landry Parish,Louisiana
130504.0,Tangipahoa Parish,Louisiana
62568.0,Acadia Parish,Louisiana
51734.0,St. Mary Parish,Louisiana
11180.0,West Carroll Parish,Louisiana
252093.0,St. Tammany Parish,Louisiana
22475.0,Union Parish,Louisiana
9996.0,Caldwell Parish,Louisiana
240091.0,Lafayette Parish,Louisiana
248361.0,Caddo Parish,Louisiana
7225.0,East Carroll Parish,Louisiana
121176.0,Ascension Parish,Louisiana
72691.0,Iberia Parish,Louisiana
45694.0,St. Bernard Parish,Louisiana
10411.0,St. Helena Parish,Louisiana
25860.0,West Baton Rouge Parish,Louisiana
27216.0,De Soto Parish,Louisiana
8618.0,Red River Parish,Louisiana
138111.0,Livingston Parish,Louisiana
38963.0,Natchitoches Parish,Louisiana
389648.0,Orleans Parish,Louisiana
9893.0,Catahoula Parish,Louisiana
200182.0,Calcasieu Parish,Louisiana
20322.0,Franklin Parish,Louisiana
22714.0,Assumption Parish,Louisiana
15926.0,Jackson Parish,Louisiana
20474.0,Richland Parish,Louisiana
53752.0,St. Martin Parish,Louisiana
14494.0,Winn Parish,Louisiana
444094.0,East Baton Rouge Parish,Louisiana
25661.0,Allen Parish,Louisiana
11472.0,Madison Parish,Louisiana
57325.0,Oxford,Maine
39418.0,Waldo,Maine
151748.0,Penobscot,Maine
107444.0,Androscoggin,Maine
68269.0,Aroostook,Maine
290944.0,Cumberland,Maine
39823.0,Knox,Maine
203102.0,York,Maine
30019.0,Franklin,Maine
50710.0,Somerset,Maine
51564.0,Worcester,Maryland
614700.0,Baltimore city,Maryland
37211.0,Talbot,Maryland
251025.0,Harford,Maryland
315327.0,Howard,Maryland
567696.0,Anne Arundel,Maryland
827625.0,Baltimore,Maryland
91082.0,Calvert,Maryland
29376.0,Garrett,Maryland
1040133.0,Montgomery,Maryland
167522.0,Carroll,Maryland
49355.0,Queen Anne's,Maryland
111531.0,St. Mary's,Maryland
157671.0,Charles,Maryland
32261.0,Dorchester,Maryland
149811.0,Washington,Maryland
102172.0,Wicomico,Maryland
102517.0,Cecil,Maryland
32875.0,Caroline,Maryland
791766.0,Suffolk,Massachusetts
213690.0,Barnstable,Massachusetts
17313.0,Dukes,Massachusetts
1595192.0,Middlesex,Massachusetts
127328.0,Berkshire,Massachusetts
781024.0,Essex,Massachusetts
558905.0,Bristol,Massachusetts
469116.0,Hampden,Massachusetts
512135.0,Plymouth,Massachusetts
70935.0,Franklin,Massachusetts
698249.0,Norfolk,Massachusetts
161159.0,Hampshire,Massachusetts
11101.0,Nantucket,Massachusetts
149699.0,Monroe,Michigan
115250.0,Allegan,Michigan
45830.0,Hillsdale,Michigan
9194.0,Alger,Michigan
26417.0,Oceana,Michigan
21639.0,Leelanau,Michigan
30616.0,Clare,Michigan
2130.0,Keweenaw,Michigan
70775.0,Isabella,Michigan
284034.0,Ottawa,Michigan
53250.0,Tuscola,Michigan
28612.0,Alpena,Michigan
64176.0,Ionia,Michigan
83389.0,Midland,Michigan
154807.0,Berrien,Michigan
8277.0,Oscoda,Michigan
13836.0,Crawford,Michigan
77896.0,Clinton,Michigan
41067.0,Gratiot,Michigan
31543.0,Huron,Michigan
98474.0,Lenawee,Michigan
28884.0,Mason,Michigan
63209.0,Montcalm,Michigan
60897.0,St. Joseph,Michigan
159566.0,St. Clair,Michigan
365961.0,Washtenaw,Michigan
15165.0,Arenac,Michigan
51460.0,Cass,Michigan
11212.0,Iron,Michigan
23877.0,Roscommon,Michigan
1761382.0,Wayne,Michigan
43584.0,Branch,Michigan
158913.0,Jackson,Michigan
10817.0,Mackinac,Michigan
23177.0,Antrim,Michigan
36360.0,Houghton,Michigan
25247.0,Iosco,Michigan
11763.0,Lake,Michigan
9261.0,Montmorency,Michigan
12797.0,Presque Isle,Michigan
261573.0,Kalamazoo,Michigan
43264.0,Mecosta,Michigan
66939.0,Marquette,Michigan
48142.0,Newaygo,Michigan
23232.0,Osceola,Michigan
24397.0,Otsego,Michigan
134473.0,Calhoun,Michigan
25458.0,Cheboygan,Michigan
6364.0,Luce,Michigan
643140.0,Kent,Michigan
868704.0,Macomb,Michigan
104786.0,Bay,Michigan
192778.0,Saginaw,Michigan
68493.0,Shiawassee,Michigan
8507.0,Baraga,Michigan
26219.0,Charlevoix,Michigan
109155.0,Eaton,Michigan
36190.0,Delta,Michigan
15414.0,Gogebic,Michigan
33039.0,Emmet,Michigan
6660.0,Woodruff,Arkansas
25230.0,Cleburne,Arkansas
8226.0,Cleveland,Arkansas
17225.0,Jackson,Arkansas
22018.0,Hempstead,Arkansas
17043.0,Sharp,Arkansas
12446.0,Stone,Arkansas
228529.0,Washington,Arkansas
41219.0,Baxter,Arkansas
20537.0,Ashley,Arkansas
105701.0,Craighead,Arkansas
44623.0,Greene,Arkansas
6915.0,Lafayette,Arkansas
10322.0,Perry,Arkansas
19034.0,Phillips,Arkansas
24054.0,Poinsett,Arkansas
17193.0,Sevier,Arkansas
21573.0,Yell,Arkansas
5202.0,Calhoun,Arkansas
22385.0,Clark,Arkansas
10948.0,Bradley,Arkansas
7249.0,Monroe,Arkansas
20163.0,Polk,Arkansas
24106.0,Ouachita,Arkansas
7848.0,Newton,Arkansas
12417.0,Little River,Arkansas
27887.0,Carroll,Arkansas
43759.0,Miller,Arkansas
64148.0,Lake,California
17540.0,Mariposa,California
75493.0,Yuba,California
1133247.0,Contra Costa,California
31185.0,Lassen,California
443738.0,Santa Barbara,California
501317.0,Sonoma,California
180216.0,Imperial,California
14174.0,Mono,California
1643700.0,Alameda,California
1510023.0,Sacramento,California
140530.0,Napa,California
433212.0,Monterey,California
2930.0,Sierra,California
3302833.0,San Diego,California
214977.0,Yolo,California
135768.0,Humboldt,California
1146.0,Alpine,California
87422.0,Mendocino,California
273765.0,Santa Cruz,California
10098052.0,Los Angeles,California
2383286.0,Riverside,California
1922200.0,Santa Clara,California
260295.0,Marin,California
43540.0,Siskiyou,California
179085.0,Shasta,California
27424.0,Del Norte,California
281455.0,San Luis Obispo,California
27897.0,Glenn,California
227075.0,Butte,California
18699.0,Plumas,California
883053.0,Kern,California
3164182.0,Orange,California
45235.0,Calaveras,California
95872.0,Sutter,California
765935.0,San Mateo,California
53932.0,Tuolumne,California
732212.0,San Joaquin,California
37829.0,Amador,California
4318.0,Phillips,Colorado
12908.0,Archuleta,Colorado
693417.0,Denver,Colorado
1449.0,Kiowa,Colorado
6583.0,Huerfano,Colorado
3563.0,Baca,Colorado
19164.0,Chaffee,Colorado
5924.0,Gilpin,Colorado
7635.0,Kit Carson,Colorado
58538.0,Garfield,Colorado
16537.0,Gunnison,Colorado
570427.0,Jefferson,Colorado
823.0,Mineral,Colorado
4722.0,Ouray,Colorado
6465.0,Rio Blanco,Colorado
2350.0,Sedgwick,Colorado
8142.0,Conejos,Colorado
3687.0,Costilla,Colorado
497115.0,Adams,Colorado
54357.0,Eagle,Colorado
7585.0,Lake,Colorado
13060.0,Moffat,Colorado
17909.0,Pitkin,Colorado
2039.0,Cheyenne,Colorado
5630.0,Crowley,Colorado
1841.0,Dolores,Colorado
1296.0,Jackson,Colorado
338161.0,Larimer,Colorado
25909.0,Montezuma,Colorado
7968.0,San Miguel,Colorado
321030.0,Boulder,Colorado
14179.0,Las Animas,Colorado
10069.0,Yuma,Colorado
24874.0,Routt,Colorado
30429.0,Summit,Colorado
9379.0,Clear Creek,Colorado
30346.0,Delta,Colorado
164685.0,Pueblo,Colorado
28257.0,Morgan,Colorado
17392.0,Park,Colorado
149998.0,Mesa,Colorado
12052.0,Prowers,Colorado
688153.0,El Paso,Colorado
4840.0,Washington,Colorado
636671.0,Arapahoe,Colorado
66120.0,Broomfield,Colorado
859339.0,New Haven,Connecticut
151269.0,Tolland,Connecticut
894730.0,Hartford,Connecticut
116538.0,Windham,Connecticut
163368.0,Middlesex,Connecticut
555133.0,New Castle,Delaware
219540.0,Sussex,Delaware
684498.0,District of Columbia,District of Columbia
200737.0,Okaloosa,Florida
22098.0,Taylor,Florida
24566.0,Washington,Florida
924229.0,Duval,Florida
26979.0,Bradford,Florida
576808.0,Brevard,Florida
207291.0,Clay,Florida
8744.0,Lafayette,Florida
335362.0,Lake,Florida
80578.0,Nassau,Florida
957875.0,Pinellas,Florida
668671.0,Polk,Florida
305591.0,St. Lucie,Florida
13363.0,Glades,Florida
40127.0,Hendry,Florida
150984.0,Indian River,Florida
48472.0,Jackson,Florida
1446277.0,Palm Beach,Florida
235503.0,St. Johns,Florida
455086.0,Seminole,Florida
2715516.0,Miami-Dade,Florida
182482.0,Bay,Florida
107139.0,Flagler,Florida
11736.0,Franklin,Florida
14269.0,Hamilton,Florida
8365.0,Liberty,Florida
120999.0,Sumter,Florida
46017.0,Gadsden,Florida
19430.0,Holmes,Florida
718679.0,Lee,Florida
348371.0,Marion,Florida
363922.0,Collier,Florida
1321194.0,Orange,Florida
510593.0,Pasco,Florida
102101.0,Highlands,Florida
43924.0,Suwannee,Florida
36399.0,DeSoto,Florida
14444.0,Calhoun,Florida
69105.0,Columbia,Florida
16437.0,Dixie,Florida
72766.0,Putnam,Florida
15239.0,Union,Florida
373853.0,Manatee,Florida
39961.0,Levy,Florida
27785.0,Baker,Florida
527634.0,Volusia,Florida
288102.0,Leon,Florida
18474.0,Madison,Florida
311522.0,Escambia,Florida
182696.0,Hernando,Florida
6428.0,Calhoun,Georgia
13480.0,Macon,Georgia
12775.0,Bleckley,Georgia
153490.0,Bibb,Georgia
8484.0,Marion,Georgia
5211.0,Schley,Georgia
13905.0,Dooly,Georgia
22514.0,Franklin,Georgia
58689.0,Effingham,Georgia
18513.0,Lamar,Georgia
22499.0,Emanuel,Georgia
2276.0,Quitman,Georgia
13784.0,Jasper,Georgia
9730.0,Johnson,Georgia
62108.0,Liberty,Georgia
22432.0,Mitchell,Georgia
8437.0,Seminole,Georgia
40510.0,Tift,Georgia
8284.0,Twiggs,Georgia
41621.0,Polk,Georgia
6378.0,Talbot,Georgia
8193.0,Taylor,Georgia
8859.0,Terrell,Georgia
44730.0,Thomas,Georgia
27048.0,Toombs,Georgia
9078.0,Wilkinson,Georgia
17154.0,Ben Hill,Georgia
22550.0,Burke,Georgia
66299.0,Catoosa,Georgia
10767.0,Chattahoochee,Georgia
24817.0,Chattooga,Georgia
147295.0,Columbia,Georgia
26833.0,Decatur,Georgia
96824.0,Floyd,Georgia
219880.0,Forsyth,Georgia
44289.0,Habersham,Georgia
114582.0,Lowndes,Georgia
21113.0,Meriwether,Georgia
27010.0,Monroe,Georgia
30352.0,Sumter,Georgia
1665.0,Taliaferro,Georgia
3189.0,Baker,Georgia
23750.0,Butts,Georgia
10827.0,Candler,Georgia
116022.0,Carroll,Georgia
12344.0,Crawford,Georgia
22846.0,Crisp,Georgia
140516.0,Coweta,Georgia
745057.0,Cobb,Georgia
16227.0,Dade,Georgia
90132.0,Walton,Georgia
15622.0,Brooks,Georgia
20919.0,Dodge,Georgia
19212.0,Elbert,Georgia
111369.0,Fayette,Georgia
8827.0,Jenkins,Georgia
106497.0,Newton,Georgia
30832.0,Pickens,Georgia
45606.0,Colquitt,Georgia
23861.0,Dawson,Georgia
278666.0,Clayton,Georgia
195961.0,Hall,Georgia
11677.0,Heard,Georgia
8535.0,Hancock,Georgia
21498.0,McDuffie,Georgia
18235.0,Morgan,Georgia
91049.0,Dougherty,Georgia
24925.0,Fannin,Georgia
151682.0,Houston,Georgia
47418.0,Laurens,Georgia
64719.0,Spalding,Georgia
16115.0,Telfair,Georgia
22775.0,Union,Georgia
20461.0,Washington,Georgia
28928.0,White,Georgia
155840.0,Paulding,Georgia
18082.0,Pike,Georgia
201463.0,Richmond,Georgia
25353.0,Tattnall,Georgia
19025.0,Berrien,Georgia
68824.0,Walker,Georgia
902298.0,Gwinnett,Georgia
76887.0,Barrow,Georgia
12983.0,Charlton,Georgia
6743.0,Clinch,Georgia
103620.0,Bartow,Georgia
141840.0,Douglas,Georgia
24926.0,Grady,Georgia
14991.0,Jeff Davis,Georgia
9036.0,Montgomery,Georgia
14784.0,Oglethorpe,Georgia
7087.0,Randolph,Georgia
89011.0,Rockdale,Georgia
35599.0,Ware,Georgia
29767.0,Wayne,Georgia
7939.0,Wheeler,Georgia
8846.0,Wilcox,Georgia
45286.0,Baldwin,Georgia
74782.0,Bulloch,Georgia
124602.0,Clarke,Georgia
3994.0,Echols,Georgia
83974.0,Glynn,Georgia
28956.0,Haralson,Georgia
15772.0,Jefferson,Georgia
28548.0,Jones,Georgia
39557.0,Murray,Georgia
196670.0,Muscogee,Georgia
16457.0,Rabun,Georgia
6042.0,Stewart,Georgia
6777.0,Treutlen,Georgia
9268.0,Irwin,Georgia
8265.0,Atkinson,Georgia
11228.0,Bacon,Georgia
18561.0,Brantley,Georgia
10025.0,Washington,Idaho
23615.0,Cassia,Idaho
17052.0,Gem,Idaho
10401.0,Valley,Idaho
4019.0,Adams,Idaho
40155.0,Nez Perce,Idaho
153605.0,Kootenai,Idaho
3845.0,Lewis,Idaho
2602.0,Butte,Idaho
83666.0,Twin Falls,Idaho
11455.0,Owyhee,Idaho
7163.0,Boise,Idaho
6918.0,Caribou,Idaho
446052.0,Ada,Idaho
85065.0,Bannock,Idaho
45551.0,Bingham,Idaho
886.0,Camas,Idaho
212230.0,Canyon,Idaho
27969.0,Jefferson,Idaho
39239.0,Latah,Idaho
23041.0,Payette,Idaho
9086.0,Benewah,Idaho
1077.0,Clark,Idaho
26433.0,Elmore,Idaho
12965.0,Fremont,Idaho
12526.0,Shoshone,Idaho
16337.0,Idaho,Idaho
197658.0,Hawaii,Hawaii
165281.0,Maui,Hawaii
71377.0,Kauai,Hawaii
75.0,Kalawao,Hawaii
22069.0,Jersey,Illinois
5746.0,Putnam,Illinois
16042.0,De Witt,Illinois
21724.0,Fayette,Illinois
34527.0,Lee,Illinois
29207.0,Logan,Illinois
45719.0,Macoupin,Illinois
15881.0,Richland,Illinois
24231.0,Saline,Illinois
14155.0,Washington,Illinois
29009.0,Montgomery,Illinois
56396.0,Whiteside,Illinois
66427.0,Adams,Illinois
37628.0,Clinton,Illinois
104200.0,DeKalb,Illinois
6507.0,Edwards,Illinois
9598.0,Jasper,Illinois
38169.0,Jefferson,Illinois
688697.0,Will,Illinois
67299.0,Williamson,Illinois
19714.0,Douglas,Illinois
35418.0,Fulton,Illinois
13218.0,Greene,Illinois
4009.0,Hardin,Illinois
49464.0,Henry,Illinois
50999.0,Knox,Illinois
703619.0,Lake,Illinois
14430.0,Massac,Illinois
5047.0,Scott,Illinois
12665.0,Cass,Illinois
110401.0,LaSalle,Illinois
18112.0,Hancock,Illinois
50509.0,Grundy,Illinois
111061.0,Kankakee,Illinois
931743.0,DuPage,Illinois
197661.0,Sangamon,Illinois
12367.0,Menard,Illinois
45433.0,Stephenson,Illinois
5223719.0,Cook,Illinois
51328.0,Ogle,Illinois
34426.0,Morgan,Illinois
14025.0,White,Illinois
38817.0,Woodford,Illinois
6884.0,Henderson,Illinois
307789.0,McHenry,Illinois
173219.0,McLean,Illinois
21384.0,Perry,Illinois
15754.0,Pike,Illinois
145275.0,Rock Island,Illinois
263463.0,St. Clair,Illinois
11573.0,Wabash,Illinois
4858.0,Calhoun,Illinois
10865.0,Cumberland,Illinois
21834.0,Jo Daviess,Illinois
530839.0,Kane,Illinois
16189.0,Lawrence,Illinois
6675.0,Brown,Illinois
11794.0,Marshall,Illinois
28169.0,Iroquois,Illinois
33231.0,Christian,Illinois
13338.0,Clay,Illinois
5157.0,Gallatin,Illinois
58551.0,Jackson,Illinois
33936.0,Monroe,Illinois
184463.0,Peoria,Illinois
17127.0,Union,Illinois
286174.0,Winnebago,Illinois
16427.0,Piatt,Illinois
5611.0,Pulaski,Illinois
7064.0,Schuyler,Illinois
5500.0,Stark,Illinois
17539.0,Edgar,Illinois
16712.0,Bond,Illinois
53606.0,Boone,Illinois
33381.0,Bureau,Illinois
14562.0,Carroll,Illinois
51736.0,Coles,Illinois
19088.0,Crawford,Illinois
145403.0,Monroe,Indiana
16486.0,Fountain,Indiana
203604.0,Elkhart,Indiana
10581.0,Crawford,Indiana
38084.0,Cass,Indiana
944523.0,Marion,Indiana
26268.0,Clay,Indiana
160940.0,Hendricks,Indiana
22842.0,Franklin,Indiana
66944.0,Grant,Indiana
43938.0,Jackson,Indiana
82387.0,Howard,Indiana
20878.0,Owen,Indiana
25076.0,Randolph,Indiana
33649.0,Whitley,Indiana
15034.0,Brown,Indiana
32301.0,Clinton,Indiana
7153.0,Union,Indiana
45619.0,Lawrence,Indiana
32937.0,Daviess,Indiana
49501.0,Dearborn,Indiana
37409.0,Knox,Indiana
19141.0,Perry,Indiana
12660.0,Pulaski,Indiana
25589.0,Posey,Indiana
8247.0,Warren,Indiana
15560.0,Vermillion,Indiana
370016.0,Allen,Indiana
26552.0,Decatur,Indiana
76809.0,Floyd,Indiana
27727.0,Jennings,Indiana
151564.0,Johnson,Indiana
69727.0,Morgan,Indiana
33596.0,Gibson,Indiana
19547.0,Orange,Indiana
78806.0,Kosciusko,Indiana
46595.0,Marshall,Indiana
181313.0,Vanderburgh,Indiana
12129.0,Blackford,Indiana
23743.0,Scott,Indiana
39712.0,Harrison,Indiana
110552.0,LaPorte,Indiana
31631.0,Wabash,Indiana
33449.0,Jasper,Indiana
10210.0,Martin,Indiana
168041.0,Porter,Indiana
44399.0,Shelby,Indiana
28425.0,Ripley,Indiana
20526.0,Spencer,Indiana
20792.0,Sullivan,Indiana
15218.0,Tipton,Indiana
189294.0,Tippecanoe,Indiana
107693.0,Vigo,Indiana
61928.0,Warrick,Indiana
316095.0,Hamilton,Indiana
42704.0,DeKalb,Indiana
38942.0,LaGrange,Indiana
81893.0,Bartholomew,Indiana
16704.0,Rush,Indiana
64321.0,Boone,Indiana
20212.0,Fulton,Indiana
486849.0,Lake,Indiana
38276.0,Montgomery,Indiana
47451.0,Noble,Indiana
35195.0,Adams,Indiana
23259.0,Fayette,Indiana
17258.0,Delaware,Iowa
6413.0,Wayne,Iowa
222121.0,Linn,Iowa
172288.0,Scott,Iowa
13911.0,O'Brien,Iowa
25626.0,Benton,Iowa
96802.0,Dubuque,Iowa
15110.0,Hamilton,Iowa
6898.0,Pocahontas,Iowa
12453.0,Union,Iowa
7223.0,Van Buren,Iowa
4984.0,Ringgold,Iowa
8885.0,Davis,Iowa
7124.0,Adair,Iowa
5637.0,Audubon,Iowa
9282.0,Clarke,Iowa
6916.0,Ida,Iowa
10200.0,Keokuk,Iowa
7863.0,Monroe,Iowa
35315.0,Wapello,Iowa
34825.0,Sioux,Iowa
9780.0,Calhoun,Iowa
18445.0,Cedar,Iowa
42984.0,Cerro Gordo,Iowa
9003.0,Greene,Iowa
17127.0,Hardin,Iowa
8597.0,Lucas,Iowa
10571.0,Winnebago,Iowa
9055.0,Palo Alto,Iowa
12510.0,Appanoose,Iowa
16207.0,Iowa,Iowa
36891.0,Jasper,Iowa
20401.0,Winneshiek,Iowa
18605.0,Poweshiek,Iowa
40271.0,Marshall,Iowa
26399.0,Boone,Iowa
24782.0,Bremer,Iowa
9264.0,Howard,Iowa
9551.0,Emmet,Iowa
10888.0,Hancock,Iowa
15890.0,Madison,Iowa
33207.0,Marion,Iowa
12804.0,Wright,Iowa
43988.0,Madison,Ohio
86076.0,Muskingum,Ohio
418201.0,Dakota,Minnesota
25839.0,Lyon,Minnesota
14721.0,Renville,Minnesota
5311.0,Cook,Minnesota
23079.0,Meeker,Minnesota
14184.0,Pennington,Minnesota
6343.0,Wilkin,Minnesota
62801.0,Clay,Minnesota
20888.0,Fillmore,Minnesota
31591.0,Polk,Minnesota
15462.0,Roseau,Minnesota
10973.0,Watonwan,Minnesota
5016.0,Big Stone,Minnesota
29022.0,Cass,Minnesota
46217.0,Goodhue,Minnesota
10047.0,Jackson,Minnesota
21839.0,Nobles,Minnesota
93231.0,Sherburne,Minnesota
100416.0,Carver,Minnesota
45203.0,Itasca,Minnesota
541493.0,Ramsey,Minnesota
50847.0,Winona,Minnesota
103498.0,Madison,Mississippi
25202.0,Marion,Mississippi
32730.0,Titus,Texas
81862.0,Liberty,Texas
64639.0,Wise,Texas
41192.0,Jim Wells,Texas
10663.0,Dimmit,Texas
739342.0,Fort Bend,Texas
1524.0,Irion,Texas
39571.0,Cooke,Texas
12964.0,Dawson,Texas
17863.0,Burleson,Texas
255210.0,Jefferson,Texas
2090.0,Oldham,Texas
837654.0,El Paso,Texas
862.0,Terrell,Texas
27009.0,Uvalde,Texas
8789.0,Archer,Texas
849389.0,Hidalgo,Texas
8743.0,Somervell,Texas
65185.0,Tooele,Utah
5809.0,Haskell,Texas
4902.0,Mills,Texas
14057.0,Newton,Texas
40511.0,Summit,Utah
1904.0,Piute,Utah
6443.0,Beaver,Utah
29366.0,Sanpete,Utah
590440.0,Utah,Utah
49025.0,Franklin,Vermont
35920.0,Bennington,Vermont
6208.0,Essex,Vermont
6399.0,Buena Vista city,Virginia
31827.0,Petersburg city,Virginia
23865.0,Fairfax city,Virginia
41457.0,Manassas city,Virginia
89160.0,Suffolk city,Virginia
339447.0,Chesterfield,Virginia
36372.0,Isle of Wight,Virginia
8211.0,Franklin city,Virginia
47042.0,Charlottesville city,Virginia
325642.0,Henrico,Virginia
16497.0,King William,Virginia
35380.0,Louisa,Virginia
22956.0,Prince Edward,Virginia
8878.0,Richmond,Virginia
131412.0,Spotsylvania,Virginia
14365.0,Clarke,Virginia
30847.0,Mecklenburg,Virginia
74701.0,Augusta,Virginia
14960.0,Dickenson,Virginia
385143.0,Loudoun,Virginia
93583.0,Roanoke,Virginia
17593.0,Colonial Heights city,Virginia
6447.0,Bland,Virginia
17004.0,Buckingham,Virginia
5582.0,Covington city,Virginia
450135.0,Virginia Beach city,Virginia
6638.0,Galax city,Virginia
17638.0,Westmoreland,Virginia
34234.0,Pulaski,Virginia
41512.0,Danville city,Virginia
31882.0,Amherst,Virginia
4393.0,Bath,Virginia
180145.0,Newport News city,Virginia
80131.0,Lynchburg city,Virginia
13101.0,Martinsville city,Virginia
11036.0,Essex,Virginia
24452.0,Staunton city,Virginia
17630.0,Radford city,Virginia
5113.0,Craig,Virginia
16814.0,Giles,Virginia
7332.0,Rappahannock,Virginia
9932.0,Ritchie,West Virginia
21078.0,Lincoln,West Virginia
56652.0,Putnam,West Virginia
22817.0,Boone,West Virginia
31645.0,Marshall,West Virginia
7027.0,Tucker,West Virginia
7507.0,Pleasants,West Virginia
14205.0,Roane,West Virginia
85556.0,Wood,West Virginia
26939.0,Mason,West Virginia
56179.0,Jefferson,West Virginia
33801.0,Logan,West Virginia
30856.0,Jefferson,Washington
21281.0,Pacific,Washington
11620.0,Skamania,Washington
74487.0,Clallam,Washington
21396.0,Klickitat,Washington
41371.0,Douglas,Washington
859840.0,Pierce,Washington
60236.0,Walla Walla,Washington
786620.0,Snohomish,Washington
274684.0,Thurston,Washington
465384.0,Clark,Washington
19452.0,Adams,Washington
123907.0,Skagit,Washington
10435.0,Lincoln,Washington
20356.0,Taylor,Wisconsin
13490.0,Price,Wisconsin
954209.0,Milwaukee,Wisconsin
44498.0,Dunn,Wisconsin
36864.0,Green,Wisconsin
41009.0,Shawano,Wisconsin
4579.0,Menominee,Wisconsin
13167.0,Buffalo,Wisconsin
117850.0,La Crosse,Wisconsin
102991.0,Eau Claire,Wisconsin
43349.0,Polk,Wisconsin
398879.0,Waukesha,Wisconsin
21593.0,Vilas,Wisconsin
26419.0,Juneau,Wisconsin
134535.0,Washington,Wisconsin
529843.0,Dane,Wisconsin
102315.0,Fond du Lac,Wisconsin
7262.0,Pepin,Wisconsin
70599.0,Portage,Wisconsin
19011.0,Lincoln,Wyoming
97692.0,Laramie,Wyoming
46960.0,Juana D�az Municipio,Puerto Rico
22066.0,Santa Isabel Municipio,Puerto Rico
41706.0,Guayama Municipio,Puerto Rico
46894.0,Gurabo Municipio,Puerto Rico
26463.0,Lo�za Municipio,Puerto Rico
54166.0,Aguadilla Municipio,Puerto Rico
8599.0,Las Mar�as Municipio,Puerto Rico
22993.0,Villalba Municipio,Puerto Rico
157453.0,Carolina Municipio,Puerto Rico
34165.0,Corozal Municipio,Puerto Rico
143926.0,Ponce Municipio,Puerto Rico
79726.0,Toa Baja Municipio,Puerto Rico
38643.0,Aguada Municipio,Puerto Rico
16912.0,Ciales Municipio,Puerto Rico
40343.0,Cidra Municipio,Puerto Rico
18547.0,Luquillo Municipio,Puerto Rico
37873.0,San Lorenzo Municipio,Puerto Rico
14906.0,Jayuya Municipio,Puerto Rico
50550.0,R�o Grande Municipio,Puerto Rico
53371.0,Vega Baja Municipio,Puerto Rico
19008.0,Guayanilla Municipio,Puerto Rico
23315.0,Lajas Municipio,Puerto Rico
29965.0,Marion,Alabama
659892.0,Jefferson,Alabama
31542.0,Franklin,Alabama
25853.0,Cherokee,Alabama
40029.0,Dallas,Alabama
19054.0,Macon,Alabama
211261.0,Shelby,Alabama
208107.0,Baldwin,Alabama
104352.0,Houston,Alabama
206213.0,Tuscaloosa,Alabama
13378.0,Clay,Alabama
33403.0,Pike,Alabama
10855.0,Coosa,Alabama
14887.0,Hale,Alabama
37328.0,Escambia,Alabama
20025.0,Butler,Alabama
9486.0,Perry,Alabama
12514.0,Conecuh,Alabama
22527.0,Bibb,Alabama
33826.0,Chambers,Alabama
16585.0,Fayette,Alabama
57645.0,Blount,Alabama
55200.0,Autauga,Alabama
26491.0,Geneva,Alabama
9301.0,Valdez-Cordova Census Area,Alaska
2132.0,Hoonah-Angoon Census Area,Alaska
2484.0,Wrangell City and Borough,Alaska
1019722.0,Pima,Arizona
53400.0,Gila,Arizona
126279.0,Cochise,Arizona
71522.0,Apache,Arizona
224645.0,Yavapai,Arizona
108705.0,Navajo,Arizona
393463.0,Pulaski,Arkansas
15061.0,Clay,Arkansas
7432.0,Dallas,Arkansas
17603.0,Randolph,Arkansas
37288.0,Boone,Arkansas
37264.0,Independence,Arkansas
18086.0,Grant,Arkansas
122416.0,Faulkner,Arkansas
16438.0,Marion,Arkansas
7923.0,Searcy,Arkansas
62472.0,Crawford,Arkansas
33520.0,Hot Spring,Arkansas
16076.0,Madison,Arkansas
13389.0,Howard,Arkansas
42831.0,Mississippi,Arkansas
39732.0,Union,Arkansas
93961.0,Geauga,Ohio
14090.0,Monroe,Ohio
230052.0,Lake,Ohio
135198.0,Clark,Ohio
43859.0,Holmes,Ohio
226564.0,Warren,Ohio
53477.0,Ashland,Ohio
25071.0,Seminole,Oklahoma
9634.0,Blaine,Oklahoma
5618.0,Coal,Oklahoma
15618.0,Kingfisher,Oklahoma
16376.0,Marshall,Oklahoma
10383.0,Nowata,Oklahoma
90814.0,Rogers,Oklahoma
5857.0,Alfalfa,Oklahoma
276733.0,Cleveland,Oklahoma
13874.0,Atoka,Oklahoma
4918.0,Dewey,Oklahoma
46044.0,Logan,Oklahoma
52001.0,Washington,Oklahoma
12704.0,Haskell,Oklahoma
38889.0,Okmulgee,Oklahoma
6223.0,Jefferson,Oklahoma
27823.0,Garvin,Oklahoma
38358.0,Pontotoc,Oklahoma
13460.0,Hughes,Oklahoma
122561.0,Comanche,Oklahoma
16428.0,Pawnee,Oklahoma
108323.0,Douglas,Oregon
81427.0,Polk,Oregon
180640.0,Deschutes,Oregon
103820.0,Yamhill,Oregon
66310.0,Klamath,Oregon
89780.0,Benton,Oregon
22337.0,Crook,Oregon
7228.0,Harney,Oregon
6924.0,Wallowa,Oregon
1426.0,Wheeler,Oregon
63308.0,Coos,Oregon
23131.0,Hood River,Oregon
798647.0,Multnomah,Oregon
153751.0,Franklin,Pennsylvania
48611.0,Bedford,Pennsylvania
74949.0,Somerset,Pennsylvania
444014.0,York,Pennsylvania
61304.0,Bradford,Pennsylvania
517156.0,Chester,Pennsylvania
85755.0,Indiana,Pennsylvania
207547.0,Washington,Pennsylvania
55498.0,Pike,Pennsylvania
362613.0,Lehigh,Pennsylvania
38827.0,Clarion,Pennsylvania
80216.0,Clearfield,Pennsylvania
114859.0,Lycoming,Pennsylvania
40035.0,Warren,Pennsylvania
30608.0,Elk,Pennsylvania
112630.0,Mercer,Pennsylvania
6177.0,Sullivan,Pennsylvania
163861.0,Kent,Rhode Island
126242.0,Washington,Rhode Island
76696.0,Oconee,South Carolina
9214.0,Allendale,South Carolina
32326.0,Chester,South Carolina
31562.0,Marion,South Carolina
394708.0,Charleston,South Carolina
27131.0,Marlboro,South Carolina
56711.0,Cherokee,South Carolina
27900.0,Jasper,South Carolina
17606.0,Lee,South Carolina
302195.0,Spartanburg,South Carolina
182658.0,Beaufort,South Carolina
20299.0,Saluda,South Carolina
7315.0,Hutchinson,South Dakota
2053.0,Buffalo,South Dakota
5779.0,Dewey,South Dakota
17617.0,Hughes,South Dakota
2388.0,Sanborn,South Dakota
3301.0,Hand,South Dakota
22717.0,Yankton,South Dakota
18374.0,Beadle,South Dakota
19901.0,Davison,South Dakota
2029.0,Jerauld,South Dakota
2997.0,Stanley,South Dakota
2326.0,Potter,South Dakota
9344.0,Charles Mix,South Dakota
4895.0,Marshall,South Dakota
6506.0,Moody,South Dakota
10146.0,Todd,South Dakota
3869.0,Lyman,South Dakota
6543.0,Spink,South Dakota
34239.0,Brookings,South Dakota
6000.0,Hamlin,South Dakota
8176.0,Houston,Tennessee
25771.0,Hardin,Tennessee
25562.0,Hardeman,Tennessee
16782.0,Polk,Tennessee
26580.0,White,Tennessee
17780.0,Unicoi,Tennessee
33626.0,Weakley,Tennessee
14602.0,Bledsoe,Tennessee
54531.0,Coffee,Tennessee
56402.0,Hawkins,Tennessee
23487.0,Macon,Tennessee
69344.0,Robertson,Tennessee
39929.0,Cheatham,Tennessee
29167.0,Giles,Tennessee
97682.0,Madison,Tennessee
5088.0,Pickett,Tennessee
16649.0,Wayne,Tennessee
47558.0,Bedford,Tennessee
58634.0,Cumberland,Tennessee
31613.0,Claiborne,Tennessee
18318.0,Humphreys,Tennessee
76440.0,Putnam,Tennessee
13301.0,Stewart,Tennessee
11683.0,Decatur,Tennessee
25903.0,McNairy,Tennessee
5614.0,Martin,Texas
104557.0,Bradley,Tennessee
4408.0,Kimble,Texas
54368.0,Van Zandt,Texas
8571.0,Yoakum,Texas
12275.0,Red River,Texas
3865.0,Sutton,Texas
40769.0,Upshur,Texas
41551.0,Wharton,Texas
665.0,Borden,Texas
10083.0,Marion,Texas
128560.0,Grayson,Texas
28317.0,Palo Pinto,Texas
20435.0,DeWitt,Texas
13770.0,Callahan,Texas
123494.0,Gregg,Texas
301454.0,Lubbock,Texas
118910.0,Kaufman,Texas
5872.0,Floyd,Texas
40292.0,Chambers,Texas
342236.0,Bell,Texas
21571.0,Hutchinson,Texas
84047.0,Orange,Texas
7802.0,Winkler,Texas
45750.0,Burnet,Texas
2586552.0,Dallas,Texas
662.0,McMullen,Texas
163475.0,Johnson,Texas
5767.0,Hartley,Texas
23515.0,Limestone,Texas
129802.0,Parker,Texas
2241.0,Culberson,Texas
6288.0,Garza,Texas
1203166.0,Travis,Texas
2996.0,Collingsworth,Texas
13262.0,Lamb,Texas
102.0,Loving,Texas
25360.0,Prentiss,Mississippi
142014.0,Jackson,Mississippi
10170.0,Tunica,Mississippi
9120.0,Claiborne,Mississippi
77323.0,Lauderdale,Mississippi
27073.0,Simpson,Mississippi
18581.0,Attala,Mississippi
23802.0,Coahoma,Mississippi
14601.0,Walthall,Mississippi
31315.0,Pontotoc,Mississippi
37180.0,Alcorn,Mississippi
176132.0,DeSoto,Mississippi
3664.0,Mercer,Missouri
239164.0,Clay,Missouri
15504.0,Dent,Missouri
2040.0,Worth,Missouri
311273.0,St. Louis city,Missouri
42733.0,Butler,Missouri
4456.0,Holt,Missouri
11545.0,Montgomery,Missouri
29512.0,Stoddard,Missouri
24931.0,Washington,Missouri
12564.0,DeKalb,Missouri
32589.0,Lafayette,Missouri
4502.0,Schuyler,Missouri
45096.0,Camden,Missouri
119238.0,Jasper,Missouri
22827.0,McDonald,Missouri
31549.0,Polk,Missouri
6315.0,Reynolds,Missouri
38729.0,Scott,Missouri
11850.0,Barton,Missouri
76740.0,Cole,Missouri
14746.0,Gasconade,Missouri
15254.0,Macon,Missouri
17031.0,Pemiscot,Missouri
8246.0,Shannon,Missouri
13374.0,Douglas,Missouri
21765.0,Henry,Missouri
38133.0,Lawrence,Missouri
5789.0,Chouteau,Montana
19358.0,Lincoln,Montana
777.0,Treasure,Montana
3653.0,Sweet Grass,Montana
1342.0,Prairie,Montana
13699.0,Glacier,Montana
724.0,Golden Valley,Montana
9410.0,Stillwater,Montana
3269.0,Granite,Montana
8218.0,Madison,Montana
3574.0,Sheridan,Montana
13376.0,Big Horn,Montana
1141.0,Garfield,Montana
67077.0,Lewis and Clark,Montana
115983.0,Missoula,Montana
81746.0,Cascade,Montana
6861.0,Powell,Montana
104729.0,Gallatin,Montana
9393.0,Beaverhead,Montana
4807.0,Musselshell,Montana
5234.0,Sheridan,Nebraska
4275.0,Nuckolls,Nebraska
2609.0,Frontier,Nebraska
554992.0,Douglas,Nebraska
3734.0,Chase,Nebraska
418.0,Arthur,Nebraska
3006.0,Franklin,Nebraska
7188.0,Jefferson,Nebraska
585.0,Loup,Nebraska
9120.0,Phelps,Nebraska
36255.0,Scotts Bluff,Nebraska
3667.0,Kimball,Nebraska
7803.0,Merrick,Nebraska
6528.0,Burt,Nebraska
8991.0,Cuming,Nebraska
718.0,Grant,Nebraska
943.0,Hayes,Nebraska
8523.0,Cedar,Nebraska
5197.0,Johnson,Nebraska
1975.0,Garfield,Nebraska
2676.0,Pawnee,Nebraska
822.0,Wheeler,Nebraska
13799.0,York,Nebraska
10760.0,Colfax,Nebraska
886.0,Logan,Nebraska
5255.0,Polk,Nebraska
2988.0,Brown,Nebraska
5746.0,Lander,Nevada
1830.0,Eureka,Nevada
368762.0,Mercer,New Jersey
330176.0,Somerset,New Jersey
268539.0,Atlantic,New Jersey
826698.0,Middlesex,New Jersey
93705.0,Cape May,New Jersey
553066.0,Union,New Jersey
125051.0,Hunterdon,New Jersey
18356.0,Los Alamos,New Mexico
75956.0,Valencia,New Mexico
677692.0,Bernalillo,New Mexico
2060.0,De Baca,New Mexico
4371.0,Hidalgo,New Mexico
140769.0,Sandoval,New Mexico
50199.0,Curry,New Mexico
459.0,Harding,New Mexico
127455.0,San Juan,New Mexico
65459.0,Chaves,New Mexico
4175.0,Union,New Mexico
19117.0,Roosevelt,New Mexico
1437872.0,Bronx,New York
53743.0,Fulton,New York
159431.0,Rensselaer,New York
293894.0,Dutchess,New York
62505.0,Herkimer,New York
109558.0,St. Lawrence,New York
64480.0,Warren,New York
744248.0,Monroe,New York
179303.0,Ulster,New York
63907.0,Livingston,New York
47617.0,Greene,New York
47025.0,Allegany,New York
77686.0,Cattaraugus,New York
154883.0,Schenectady,New York
25009.0,Yates,New York
60433.0,Haywood,North Carolina
10973.0,Alleghany,North Carolina
97159.0,Cleveland,North Carolina
58874.0,Granville,North Carolina
53239.0,Hoke,North Carolina
172525.0,Iredell,North Carolina
177372.0,Pitt,North Carolina
27668.0,Cherokee,North Carolina
68460.0,Wilkes,North Carolina
37119.0,Alexander,North Carolina
68920.0,Carteret,North Carolina
39479.0,Pasquotank,North Carolina
14254.0,Swain,North Carolina
25306.0,Anson,North Carolina
64902.0,Franklin,North Carolina
34410.0,Macon,North Carolina
33513.0,Transylvania,North Carolina
56293.0,Columbus,North Carolina
27338.0,Montgomery,North Carolina
45189.0,Richmond,North Carolina
72099.0,Surry,North Carolina
254474.0,Buncombe,North Carolina
201448.0,Cabarrus,North Carolina
164664.0,Davidson,North Carolina
24153.0,Hertford,North Carolina
59020.0,Pender,North Carolina
54117.0,Watauga,North Carolina
4119.0,Tyrrell,North Carolina
8019.0,Traill,North Dakota
4970.0,Dickey,North Dakota
69034.0,Ward,North Dakota
5927.0,McHenry,North Dakota
6886.0,Benson,North Dakota
2495.0,Renville,North Dakota
93737.0,Burleigh,North Dakota
1837.0,Oliver,North Dakota
11557.0,Ramsey,North Dakota
2266.0,Griggs,North Dakota
1405.0,Sheridan,North Dakota
4055.0,Wells,North Dakota
231064.0,Mahoning,Ohio
76377.0,Scioto,Ohio
23160.0,Meigs,Ohio
28214.0,Pike,Ohio
812037.0,Hamilton,Ohio
75136.0,Erie,Ohio
60622.0,Lawrence,Ohio
92526.0,Tuscarawas,Ohio
43679.0,Brown,Ohio
172293.0,Licking,Ohio
27578.0,Carroll,Ohio
203216.0,Clermont,Ohio
43007.0,Highland,Ohio
162644.0,Portage,Ohio
68472.0,Belmont,Ohio
35985.0,Perry,Ohio
21763.0,Bandera,Texas
16890.0,Robertson,Texas
136348.0,Taylor,Texas
14569.0,Trinity,Texas
2904.0,Cochran,Texas
135097.0,Comal,Texas
22955.0,Houston,Texas
120899.0,Potter,Texas
17239.0,Scurry,Texas
4839.0,Crane,Texas
1385.0,Stonewall,Texas
37834.0,Brown,Texas
32691.0,Bee,Texas
8098.0,McCulloch,Texas
16952.0,Lee,Texas
168838.0,Ellis,Texas
51365.0,Kerr,Texas
17299.0,Falls,Texas
10155.0,Montgomery,Iowa
22208.0,Mahaska,Iowa
21125.0,Buchanan,Iowa
8044.0,Decatur,Iowa
13318.0,Jackson,Kansas
2810.0,Logan,Kansas
164345.0,Wyandotte,Kansas
8142.0,Clay,Kansas
54977.0,Saline,Kansas
6888.0,Wabaunsee,Kansas
6222.0,Mitchell,Kansas
16363.0,Atchison,Kansas
36957.0,Finney,Kansas
80042.0,Leavenworth,Kansas
2063.0,Stanton,Kansas
4261.0,Meade,Kansas
9582.0,Pratt,Kansas
7852.0,Anderson,Kansas
34895.0,Geary,Kansas
34484.0,Ford,Kansas
9798.0,Marshall,Kansas
2677.0,Cheyenne,Kansas
35591.0,Cowley,Kansas
25563.0,Franklin,Kansas
2916.0,Jewell,Kansas
9762.0,Rice,Kansas
2645.0,Chase,Kansas
2143.0,Wichita,Kansas
5486.0,Norton,Kansas
26791.0,Barton,Kansas
2925.0,Edwards,Kansas
3102.0,Rush,Kansas
12032.0,Marion,Kansas
5902.0,Ottawa,Kansas
4733.0,Barber,Kansas
19004.0,Dickinson,Kansas
8637.0,Trimble,Kentucky
4568.0,Hickman,Kentucky
45388.0,Nelson,Kentucky
24915.0,Grant,Kentucky
26849.0,Logan,Kentucky
14520.0,Pendleton,Kentucky
18246.0,Spencer,Kentucky
12268.0,Bath,Kentucky
29913.0,Boyle,Kentucky
27134.0,Harlan,Kentucky
24458.0,Lincoln,Kentucky
10634.0,Monroe,Kentucky
14802.0,Union,Kentucky
38776.0,Calloway,Kentucky
99937.0,Daviess,Kentucky
64145.0,Pulaski,Kentucky
46137.0,Henderson,Kentucky
15513.0,Knott,Kentucky
31081.0,Muhlenberg,Kentucky
19241.0,Adair,Kentucky
6713.0,Cumberland,Kentucky
6751.0,Lee,Kentucky
13490.0,Lewis,Kentucky
26097.0,Woodford,Kentucky
52422.0,Jessamine,Kentucky
22676.0,Letcher,Kentucky
65284.0,McCracken,Kentucky
36089.0,Whitley,Kentucky
36926.0,Floyd,Kentucky
17635.0,McCreary,Kentucky
10004.0,Metcalfe,Kentucky
24499.0,Rowan,Kentucky
35872.0,Clark,Kentucky
10711.0,Carroll,Kentucky
14313.0,Estill,Kentucky
35765.0,Greenup,Kentucky
27290.0,Carter,Kentucky
98214.0,Lafourche Parish,Louisiana
31467.0,Jefferson Davis Parish,Louisiana
15377.0,West Feliciana Parish,Louisiana
36769.0,Beauregard Parish,Louisiana
33636.0,Evangeline Parish,Louisiana
47356.0,Lincoln Parish,Louisiana
39631.0,Webster Parish,Louisiana
32956.0,Iberville Parish,Louisiana
25992.0,Morehouse Parish,Louisiana
112587.0,Terrebonne Parish,Louisiana
16153.0,Claiborne Parish,Louisiana
40882.0,Avoyelles Parish,Louisiana
22158.0,Pointe Coupee Parish,Louisiana
51007.0,Vernon Parish,Louisiana
24088.0,Sabine Parish,Louisiana
14949.0,LaSalle Parish,Louisiana
34067.0,Lincoln,Maine
16887.0,Piscataquis,Maine
31694.0,Washington,Maine
35277.0,Sagadahoc,Maine
121545.0,Kennebec,Maine
54541.0,Hancock,Maine
25737.0,Somerset,Maryland
71977.0,Allegany,Maryland
906202.0,Prince George's,Maryland
248472.0,Frederick,Maryland
19593.0,Kent,Maryland
822280.0,Worcester,Massachusetts
37834.0,Chippewa,Michigan
1250843.0,Oakland,Michigan
173043.0,Muskegon,Michigan
88202.0,Lapeer,Michigan
41376.0,Sanilac,Michigan
5968.0,Ontonagon,Michigan
10364.0,Alcona,Michigan
17463.0,Kalkaska,Michigan
289564.0,Ingham,Michigan
20928.0,Ogemaw,Michigan
33111.0,Wexford,Michigan
25570.0,Dickinson,Michigan
23234.0,Menominee,Michigan
15006.0,Missaukee,Michigan
75272.0,Van Buren,Michigan
60057.0,Barry,Michigan
17552.0,Benzie,Michigan
8069.0,Schoolcraft,Michigan
91746.0,Grand Traverse,Michigan
409361.0,Genesee,Michigan
188482.0,Livingston,Michigan
24444.0,Manistee,Michigan
25289.0,Gladwin,Michigan
16669.0,Lawrence,Arkansas
20906.0,Conway,Arkansas
18124.0,Arkansas,Arkansas
72206.0,Lonoke,Arkansas
269075.0,Merced,California
8938.0,Modoc,California
18085.0,Inyo,California
539301.0,Stanislaus,California
63373.0,Tehama,California
59416.0,San Benito,California
186661.0,El Dorado,California
870044.0,San Francisco,California
460477.0,Tulare,California
99092.0,Nevada,California
155013.0,Madera,California
12862.0,Trinity,California
2135413.0,San Bernardino,California
380077.0,Placer,California
438530.0,Solano,California
21464.0,Colusa,California
150075.0,Kings,California
978130.0,Fresno,California
848112.0,Ventura,California
295123.0,Weld,Colorado
4640.0,Custer,Colorado
328614.0,Douglas,Colorado
55101.0,La Plata,Colorado
11351.0,Rio Grande,Colorado
5809.0,Bent,Colorado
544.0,San Juan,Colorado
21689.0,Logan,Colorado
24113.0,Teller,Colorado
25162.0,Elbert,Colorado
5548.0,Lincoln,Colorado
16444.0,Alamosa,Colorado
47002.0,Fremont,Colorado
41268.0,Montrose,Colorado
6468.0,Saguache,Colorado
878.0,Hinsdale,Colorado
15066.0,Grand,Colorado
18325.0,Otero,Colorado
183031.0,Litchfield,Connecticut
268881.0,New London,Connecticut
31877.0,Wakulla,Florida
944348.0,Fairfield,Connecticut
174822.0,Kent,Delaware
1378883.0,Hillsborough,Florida
16055.0,Gulf,Florida
338619.0,Osceola,Florida
65858.0,Walton,Florida
14105.0,Jefferson,Florida
27228.0,Hardee,Florida
40572.0,Okeechobee,Florida
17615.0,Gilchrist,Florida
263148.0,Alachua,Florida
176954.0,Charlotte,Florida
157581.0,Martin,Florida
412144.0,Sarasota,Florida
143087.0,Citrus,Florida
170442.0,Santa Rosa,Florida
1909151.0,Broward,Florida
76325.0,Monroe,Florida
103849.0,Whitfield,Georgia
69774.0,Troup,Georgia
33590.0,Harris,Georgia
20656.0,Worth,Georgia
10727.0,Evans,Georgia
2613.0,Webster,Georgia
3009.0,Glascock,Georgia
287049.0,Chatham,Georgia
10366.0,Lanier,Georgia
28900.0,Madison,Georgia
25631.0,Hart,Georgia
14120.0,McIntosh,Georgia
21503.0,Putnam,Georgia
5346.0,Warren,Georgia
35885.0,Bryan,Georgia
52714.0,Camden,Georgia
10348.0,Early,Georgia
42961.0,Coffee,Georgia
29922.0,Gilmer,Georgia
9884.0,Wilkes,Georgia
56790.0,Gordon,Georgia
241910.0,Cherokee,Georgia
29348.0,Lee,Georgia
16976.0,Greene,Georgia
17184.0,Cook,Georgia
1021902.0,Fulton,Georgia
31951.0,Lumpkin,Georgia
5836.0,Miller,Georgia
37017.0,Oconee,Georgia
221307.0,Henry,Georgia
18156.0,Long,Georgia
25676.0,Stephens,Georgia
26216.0,Upson,Georgia
26966.0,Peach,Georgia
19164.0,Pierce,Georgia
13990.0,Screven,Georgia
18510.0,Banks,Georgia
3001.0,Clay,Georgia
743187.0,DeKalb,Georgia
65755.0,Jackson,Georgia
7799.0,Lincoln,Georgia
18454.0,Appling,Georgia
11295.0,Pulaski,Georgia
11417.0,Towns,Georgia
7962.0,Turner,Georgia
7713.0,Power,Idaho
4326.0,Oneida,Idaho
5321.0,Lincoln,Idaho
13279.0,Franklin,Idaho
23431.0,Jerome,Idaho
20615.0,Minidoka,Idaho
21994.0,Blaine,Idaho
11549.0,Boundary,Idaho
15169.0,Gooding,Idaho
5962.0,Bear Lake,Idaho
112397.0,Bonneville,Idaho
8640.0,Clearwater,Idaho
7798.0,Lemhi,Idaho
42711.0,Bonner,Idaho
4141.0,Custer,Idaho
38705.0,Madison,Idaho
11080.0,Teton,Idaho
987638.0,Honolulu,Hawaii
78407.0,Vermilion,Illinois
15836.0,Clark,Illinois
34174.0,Effingham,Illinois
8221.0,Hamilton,Illinois
12602.0,Johnson,Illinois
36324.0,Livingston,Illinois
133852.0,Tazewell,Illinois
17338.0,Warren,Illinois
265670.0,Madison,Illinois
15693.0,Mercer,Illinois
6532.0,Alexander,Illinois
32546.0,Randolph,Illinois
106512.0,Macon,Illinois
16487.0,Wayne,Illinois
39127.0,Franklin,Illinois
30875.0,McDonough,Illinois
14703.0,Moultrie,Illinois
4249.0,Pope,Illinois
21832.0,Shelby,Illinois
209448.0,Champaign,Illinois
13398.0,Ford,Illinois
124626.0,Kendall,Illinois
38084.0,Marion,Illinois
13778.0,Mason,Illinois
22941.0,Starke,Indiana
32295.0,Greene,Indiana
66613.0,Wayne,Indiana
42418.0,Dubois,Indiana
73830.0,Hancock,Indiana
5887.0,Ohio,Indiana
16996.0,Parke,Indiana
8667.0,Benton,Indiana
37559.0,Putnam,Indiana
27827.0,Washington,Indiana
48483.0,Henry,Indiana
129505.0,Madison,Indiana
12411.0,Pike,Indiana
34474.0,Steuben,Indiana
35901.0,Miami,Indiana
27947.0,Wells,Indiana
115616.0,Delaware,Indiana
32237.0,Jefferson,Indiana
14018.0,Newton,Indiana
269240.0,St. Joseph,Indiana
10628.0,Switzerland,Indiana
19994.0,Carroll,Indiana
36378.0,Huntington,Indiana
24217.0,White,Indiana
20993.0,Jay,Indiana
115702.0,Clark,Indiana
18077.0,Jefferson,Iowa
13880.0,Allamakee,Iowa
84002.0,Dallas,Iowa
14735.0,Butler,Iowa
6968.0,Fremont,Iowa
6201.0,Taylor,Iowa
7489.0,Worth,Iowa
3726.0,Adams,Iowa
12099.0,Chickasaw,Iowa
17056.0,Dickinson,Iowa
147001.0,Johnson,Iowa
17136.0,Tama,Iowa
10245.0,Franklin,Iowa
20344.0,Carroll,Iowa
15858.0,Floyd,Iowa
11223.0,Louisa,Iowa
11769.0,Lyon,Iowa
11694.0,Shelby,Iowa
19926.0,Henry,Iowa
15363.0,Page,Iowa
93503.0,Pottawattamie,Iowa
17672.0,Clayton,Iowa
20260.0,Buena Vista,Iowa
10674.0,Guthrie,Iowa
9566.0,Humboldt,Iowa
22143.0,Washington,Iowa
